time_of_day,weather_severity,active_sensors,historical_flow,is_congested
6,1,16,3593,0
19,1,46,1957,0
14,1,47,161,0
10,3,43,1594,0
7,2,13,1280,1
20,1,10,2888,0
6,1,23,1975,0
18,5,11,2308,1
22,0,20,4736,0
10,5,9,4821,1
10,5,20,205,0
23,0,5,1254,0
20,2,41,3528,0
3,5,43,4187,1
7,2,23,1808,1
23,5,41,2923,0
2,4,21,4025,1
21,0,30,2008,0
20,5,26,2149,0
1,4,12,4564,1
23,3,37,1374,0
11,4,6,1045,0
5,1,34,4004,0
1,5,24,2327,0
20,4,22,3896,1
0,2,47,392,0
11,3,14,4779,1
21,5,28,2322,0
11,1,8,4073,0
16,4,41,2591,1
9,3,8,2575,1
15,5,17,4960,1
14,3,29,3829,1
14,1,17,527,0
18,4,22,3072,1
11,3,28,206,0
22,3,6,3719,1
19,0,37,4854,0
2,3,23,3433,0
4,0,13,4092,0
18,4,32,1325,1
6,5,39,4104,1
20,5,43,4350,1
8,4,14,3468,1
6,4,5,995,0
17,2,46,4005,1
3,4,25,1720,0
13,3,13,3963,1
17,5,19,2392,1
8,1,39,1485,1
20,5,9,3999,1
1,0,45,3692,0
19,5,26,2533,0
14,2,45,2906,0
6,4,27,3483,1
11,4,11,1401,0
7,5,27,858,1
14,1,48,846,0
2,1,29,692,0
13,2,31,2986,0
16,0,45,4211,1
3,5,10,1168,0
17,4,38,3407,1
7,5,13,802,1
3,2,37,4808,0
1,3,10,204,0
5,3,41,1597,0
21,2,35,3933,0
9,4,38,495,1
3,2,45,3617,0
21,4,33,2753,1
17,1,18,3391,1
11,2,40,2110,0
1,4,40,3981,1
9,2,19,2088,1
3,2,12,4637,0
13,4,30,1768,0
15,4,40,4862,1
14,0,25,1151,0
7,2,32,2941,1
13,3,8,4823,0
22,2,20,3684,0
7,2,26,447,1
20,4,16,1363,0
15,2,20,4765,1
12,5,44,2842,0
17,2,42,2173,1
14,5,46,3248,0
20,3,41,1451,0
23,4,33,2921,1
12,2,22,3927,0
8,5,14,769,1
14,5,46,4913,1
12,5,43,2746,1
0,1,22,366,0
6,0,5,1538,0
8,3,43,2793,1
23,2,25,1122,0
0,1,5,2137,0
11,2,19,664,0
7,2,8,1159,1
23,4,24,1524,1
10,4,14,4223,1
18,4,27,319,1
16,1,45,505,1
7,2,38,1737,1
2,0,50,2418,0
2,3,37,1859,0
0,4,38,1774,0
4,4,43,891,0
9,2,14,3682,1
6,2,24,1409,0
8,1,5,3933,1
6,1,17,4512,0
8,4,5,1430,1
7,2,9,4546,1
11,0,20,610,0
1,3,19,2672,0
0,2,32,4029,0
15,2,35,591,0
22,5,27,1717,0
22,1,49,2156,0
23,3,47,1620,0
4,4,21,1683,0
2,2,38,1675,0
11,4,17,4046,0
7,2,18,1861,1
21,4,15,2091,0
2,3,32,3279,0
0,1,46,3426,0
2,3,36,1146,0
4,5,39,2992,1
14,0,35,2713,0
13,1,21,3992,0
2,3,13,4244,0
0,5,14,561,1
4,0,12,4531,0
22,5,25,1481,0
13,2,17,1245,0
6,2,9,3615,0
8,4,10,4554,1
14,1,34,292,0
14,2,35,3634,0
9,5,21,855,1
12,1,15,1784,0
18,2,24,2625,1
6,4,13,927,1
16,3,6,989,1
19,4,41,4848,0
3,0,5,2555,0
4,2,8,2433,0
22,0,40,210,0
6,0,29,4815,0
12,5,7,892,0
14,1,13,4783,0
10,5,26,2743,1
3,2,27,3514,0
12,0,16,1409,0
6,3,14,396,0
18,0,38,1729,1
21,3,47,668,0
1,5,14,4805,1
9,5,34,4211,1
12,1,26,171,0
20,0,10,4465,0
5,4,6,4482,1
11,5,34,165,0
11,5,6,979,1
19,1,36,167,0
10,3,46,1316,0
22,1,20,3127,0
6,0,16,3339,0
0,2,5,3580,0
0,2,12,607,0
19,3,17,3814,1
12,5,19,2984,1
8,3,48,1225,1
2,5,12,985,0
6,5,14,2941,1
5,2,50,3977,0
7,3,9,4970,1
8,1,23,2625,1
4,5,42,1025,1
0,4,15,4315,0
18,4,47,2038,1
9,1,24,3914,1
11,4,24,3462,0
23,0,25,4683,0
14,5,22,3332,1
21,1,14,3844,0
23,3,38,3565,0
8,5,30,540,1
19,1,34,3711,0
16,2,13,561,1
16,3,50,711,1
19,2,35,3571,0
11,5,46,3263,1
6,3,8,105,0
1,4,10,4876,1
2,1,18,4070,0
16,5,8,2958,1
4,0,30,2706,0
16,3,43,198,1
23,3,21,625,0
16,5,23,1280,1
16,5,10,1789,1
1,2,33,1238,0
1,4,15,4591,1
21,2,20,4965,0
22,2,34,3171,0
4,4,29,3027,0
0,0,44,2892,0
0,2,15,4878,0
18,2,11,114,1
1,3,30,2515,0
20,4,26,2785,0
11,1,29,3000,0
5,0,23,1336,0
22,0,35,4200,0
3,4,30,3320,0
22,5,46,1707,0
10,5,45,3663,1
23,3,40,3397,0
16,3,27,2733,1
5,4,17,3990,1
23,3,29,4364,1
4,0,6,2908,0
19,0,6,891,0
1,1,20,1099,0
5,5,13,251,1
21,4,32,3163,1
10,2,17,4699,0
15,5,39,2191,1
15,2,45,4699,0
0,1,17,4182,0
8,1,35,4126,1
5,3,25,3077,0
15,1,36,942,0
2,1,38,4546,0
19,2,12,3893,0
3,3,45,2170,0
18,1,6,1759,1
2,5,42,697,1
18,1,36,2613,1
19,3,44,4235,1
6,4,32,4370,0
19,3,41,3703,0
8,2,45,1316,1
0,4,5,2391,0
7,5,45,3911,1
6,0,14,1031,0
17,3,8,2238,1
7,2,39,4102,1
0,5,14,3078,1
10,4,15,3992,1
17,5,18,4695,1
22,3,42,3018,0
9,1,16,2664,1
2,3,49,1863,0
6,0,21,2270,0
15,3,20,435,0
15,4,39,1276,0
19,4,6,3121,1
16,3,15,878,1
1,4,45,1285,0
0,1,7,3385,0
15,5,33,3547,0
11,3,22,4091,1
4,1,24,2570,0
4,5,18,1038,0
22,5,38,4999,1
8,1,35,4106,1
8,2,44,2035,1
2,3,46,733,0
18,5,22,1353,1
15,5,34,1182,1
15,4,29,2243,1
2,5,23,1385,0
19,1,12,453,0
23,5,32,1985,0
21,2,12,1918,0
23,3,35,2620,0
0,3,7,4108,0
23,5,7,3122,1
19,0,48,2684,0
10,0,26,1647,0
16,1,21,4118,1
7,0,40,4304,1
3,1,21,1468,0
5,4,18,3437,1
7,1,13,1857,1
19,0,34,1617,0
2,5,25,3584,0
15,4,16,3785,0
2,0,41,3152,0
17,1,36,2796,1
13,2,15,290,0
17,3,24,1032,1
1,0,39,4337,0
21,1,50,3338,0
2,4,15,2315,1
15,0,12,665,0
8,0,8,1234,0
3,3,31,843,0
0,1,48,772,0
3,2,44,3011,0
0,4,42,630,0
13,1,34,3121,0
20,4,48,661,1
15,0,31,401,0
19,3,25,3867,0
23,3,24,4380,1
7,5,8,609,1
6,2,15,3545,0
2,3,17,2303,0
16,0,13,2934,0
0,2,8,894,0
15,1,16,2579,0
11,3,13,1623,0
18,2,17,4956,1
21,0,30,2294,0
22,5,42,2628,1
21,4,46,534,0
13,4,17,2138,1
5,0,43,1806,0
5,0,32,168,0
12,4,23,2004,0
18,5,28,4059,1
21,2,23,3051,0
7,4,17,4749,1
1,0,17,2813,0
20,3,32,3469,0
0,1,6,4695,0
14,5,14,3827,1
0,5,26,2504,0
4,3,17,3425,0
15,3,13,3646,0
18,0,37,2403,1
3,4,18,3781,1
2,2,24,3321,0
16,5,19,4474,1
16,5,36,1182,1
11,3,37,545,0
13,4,21,4950,1
20,5,28,1692,1
5,2,34,2875,0
2,3,17,3916,0
8,2,20,3153,1
4,4,6,1690,0
23,5,21,2331,1
16,1,36,1661,1
13,5,47,4372,1
20,4,12,3746,0
2,5,7,3338,1
0,5,16,1700,1
19,0,24,2156,0
20,5,20,4431,1
22,5,18,809,1
0,2,20,3071,0
2,1,47,2832,0
17,2,37,893,1
9,2,34,3199,1
21,3,16,2955,1
2,0,19,126,0
7,2,22,3367,1
13,4,32,184,0
23,4,27,3201,1
17,5,18,1222,1
14,3,34,111,0
21,0,37,1848,0
22,0,49,3209,0
1,5,19,1976,0
9,4,11,2719,1
1,1,19,279,0
16,3,46,896,1
7,5,50,3913,1
0,3,42,2124,0
8,4,50,3317,1
10,4,48,986,1
21,1,15,2568,0
15,1,33,3487,0
6,0,35,1619,0
9,3,29,2532,1
22,3,28,4966,1
2,4,23,1016,1
17,0,6,2170,1
23,5,26,4076,1
12,3,24,1881,0
6,0,37,438,0
3,0,12,1616,0
12,4,29,2970,1
19,0,50,3682,0
0,1,13,1014,0
7,1,38,3390,1
13,2,27,4670,0
15,4,9,1546,0
13,5,29,1479,0
11,2,12,1583,0
18,1,20,2174,1
22,2,49,900,0
14,4,19,1346,0
1,4,5,2837,0
1,0,26,3595,0
22,3,7,4934,0
21,0,42,3357,0
18,4,18,3977,1
21,1,40,1081,0
21,5,22,2576,1
16,1,45,2188,1
19,0,22,3052,0
9,5,7,1111,1
5,4,14,3564,1
14,1,43,2850,0
21,4,5,2226,0
10,5,31,4912,1
4,5,31,3961,1
0,1,15,2691,0
7,4,9,1573,1
20,2,11,2621,0
11,4,23,1265,0
11,5,33,3422,1
4,4,19,709,0
6,0,39,2283,0
3,2,41,2631,0
5,3,16,2961,0
12,0,34,4750,0
19,3,24,1755,0
14,1,41,1855,0
2,3,7,145,0
22,4,13,1359,0
7,3,45,4738,1
19,5,43,3332,1
15,0,30,1551,0
12,0,6,2218,0
17,3,27,2667,1
9,0,27,2092,1
18,5,25,3223,1
16,0,20,2440,1
23,3,13,1588,0
18,2,17,1673,1
22,2,32,2527,0
4,1,31,1866,0
20,0,21,3649,0
22,3,42,2409,0
8,0,40,4775,1
11,4,5,2504,0
20,5,22,1542,1
0,0,13,4893,0
0,0,17,2076,0
14,2,44,4073,0
1,5,49,2590,1
21,3,19,825,0
15,0,47,3903,0
7,2,48,4481,1
12,1,50,3927,0
20,5,8,4765,1
0,2,37,3719,0
15,2,28,2987,0
6,2,40,597,0
4,0,45,4076,0
21,0,14,804,0
22,1,40,4757,0
2,4,24,4227,0
11,4,45,3781,1
15,4,49,4238,0
18,5,48,2016,1
4,5,15,1474,0
21,1,16,1945,0
13,5,22,4754,1
4,4,34,1536,0
14,4,48,3190,0
16,2,41,1470,1
13,5,24,2028,1
19,0,29,1736,0
4,0,16,191,0
11,2,25,1943,0
15,2,29,284,0
15,2,15,4923,0
20,0,13,1671,0
6,4,29,931,0
3,2,39,4540,0
0,1,36,2225,0
4,2,18,4362,0
22,3,5,363,0
9,2,21,1386,1
21,0,29,1629,0
4,5,12,1908,0
3,2,9,1977,0
1,5,9,1849,1
19,3,45,2009,0
9,1,39,2723,1
18,5,23,1297,1
0,4,27,2578,0
23,2,13,4963,0
4,3,34,2610,0
12,3,20,200,0
3,5,37,3187,1
15,1,6,2019,0
23,0,18,2391,0
15,2,50,3420,0
22,3,5,204,0
1,1,30,793,0
16,4,29,3340,1
19,3,20,3591,1
23,1,19,3492,0
11,0,30,2368,0
17,0,48,3883,1
2,3,20,3612,0
0,3,18,989,0
0,5,33,889,1
18,2,28,4748,1
10,1,19,758,0
4,3,23,1118,0
11,2,12,2053,0
2,5,38,1290,1
0,2,6,3806,0
0,3,31,3757,0
7,0,14,4946,1
9,1,39,2396,1
10,1,27,874,0
11,0,12,2911,0
12,3,32,1480,0
11,1,27,3282,0
13,3,8,4887,0
1,5,18,4914,1
18,3,46,4429,1
17,2,33,3197,1
2,0,5,1504,0
22,3,8,3901,1
16,5,36,1469,1
7,4,37,2164,1
9,0,30,2392,1
1,1,21,2865,0
18,2,43,2917,1
8,1,27,816,0
6,5,36,4140,1
3,5,19,1811,0
20,1,17,1325,0
17,0,6,108,1
12,1,23,697,0
10,3,28,4218,1
23,1,49,1708,0
3,2,28,3131,0
20,2,15,3767,0
3,4,26,2346,1
9,2,19,3726,1
4,1,14,4171,0
8,2,45,2922,1
23,0,31,191,0
2,2,13,950,0
16,3,32,1207,1
2,0,5,399,0
15,4,21,2443,0
3,3,35,1577,1
17,1,48,1182,1
16,1,14,3056,1
6,1,41,3018,0
23,3,33,1465,0
22,3,22,2900,0
4,3,42,3636,0
11,0,43,4051,0
16,5,10,2209,1
22,0,44,875,0
12,1,16,1552,0
22,5,18,1781,0
2,2,48,2403,0
8,1,14,1951,1
16,4,24,1997,1
16,0,19,3518,1
19,3,35,3697,1
15,0,11,1427,0
21,3,45,714,0
12,5,14,344,1
18,4,14,856,1
16,5,43,923,1
3,4,32,2927,0
11,0,34,3907,0
8,3,41,2879,1
18,5,7,1946,1
11,4,47,1340,0
8,1,19,4711,1
6,1,25,573,0
13,5,41,4231,1
19,3,16,3349,0
18,5,8,1892,1
14,0,13,1834,0
15,4,43,4042,0
20,0,46,1044,0
4,1,32,1611,0
2,4,27,4181,0
11,5,49,4626,1
19,0,44,958,0
20,2,48,3660,0
3,3,26,329,0
20,3,28,2517,0
22,2,30,277,0
15,1,34,4028,0
6,4,37,2715,1
12,3,20,1713,0
20,2,26,2940,0
9,5,47,3047,1
6,2,22,1874,0
13,1,11,3971,0
4,1,30,181,0
2,0,12,945,0
22,3,10,2909,0
10,0,34,1316,0
10,2,43,4813,0
17,4,27,3360,1
14,4,36,3245,0
11,1,26,2363,0
8,4,46,2437,1
9,4,47,544,1
11,4,49,1022,0
16,2,13,4388,1
5,4,35,4484,0
6,5,11,2730,1
13,4,13,1267,0
12,4,17,4063,1
7,0,7,3541,1
9,2,39,3612,1
8,1,37,995,1
17,0,25,3822,1
1,3,35,2160,0
4,2,38,3134,0
4,5,36,2487,0
5,2,39,1997,0
18,3,19,1899,1
7,3,36,4507,1
15,3,10,2880,0
12,1,49,1227,0
0,4,25,438,0
21,2,37,4554,0
19,4,36,1272,1
16,4,23,2908,1
6,5,37,4963,1
12,3,32,3129,1
3,1,35,2189,0
3,5,25,4397,1
5,0,38,3117,0
18,1,19,4659,1
11,4,18,548,0
21,1,23,4993,0
6,3,47,893,0
9,0,19,536,0
18,3,10,4726,1
6,0,13,4760,0
2,5,41,1720,0
12,4,24,3601,1
12,0,38,3019,0
17,0,42,4408,1
19,0,30,1048,0
7,1,22,4044,1
8,5,32,1227,1
6,1,13,291,0
0,4,36,4112,1
2,0,10,3860,0
12,5,18,3830,1
16,5,32,1503,1
23,2,28,2090,0
0,4,17,1204,0
5,5,47,4900,1
20,0,16,648,0
5,0,23,3548,0
11,5,25,1961,1
12,1,31,4349,0
12,4,23,670,0
14,0,28,1884,0
20,5,30,2387,0
15,0,49,2521,0
21,5,32,4072,1
20,4,50,904,0
10,5,22,898,0
4,2,48,3375,0
3,5,40,710,1
2,5,46,1906,1
18,4,33,4338,1
19,5,21,3360,1
17,4,8,4467,1
14,2,48,3471,0
8,4,49,2573,1
16,0,33,2193,1
13,4,8,2242,0
14,2,14,4101,0
0,3,29,3180,0
20,5,35,4654,1
21,4,7,1532,0
21,5,6,2617,1
2,1,29,2957,0
15,0,10,605,0
22,0,30,1196,0
10,1,12,4279,0
11,1,39,4254,0
9,4,31,1144,1
15,1,29,2304,0
7,3,22,4002,1
5,5,5,1452,0
11,5,43,1696,0
23,2,7,675,0
20,1,8,779,0
7,1,45,4398,1
3,3,41,3812,0
7,0,19,3928,1
17,0,12,1229,1
4,5,42,4004,0
8,5,23,3293,1
3,4,30,417,0
21,3,43,3796,0
16,2,14,4601,1
8,2,42,3096,1
0,3,18,3694,0
20,2,45,3309,0
19,0,23,2642,0
12,2,34,778,0
15,2,9,1989,0
12,3,35,1743,0
13,3,11,934,0
2,2,23,2341,0
5,1,35,2455,0
17,3,43,1768,1
18,4,28,2653,1
4,4,38,380,0
14,0,27,2862,0
1,2,49,4803,0
9,1,44,4678,1
23,0,10,1346,0
17,2,42,1872,1
12,3,45,2264,0
4,4,40,291,1
22,5,31,2935,1
23,1,15,2765,0
0,5,9,2663,1
21,4,21,406,0
0,5,11,631,1
17,3,31,4317,1
14,2,19,2796,0
16,3,50,4787,1
10,5,17,158,0
20,3,15,1673,0
21,4,49,1240,0
16,1,30,1910,1
12,3,26,3298,0
0,4,32,3576,0
1,1,28,4594,0
8,2,33,2662,1
2,5,13,2952,1
0,2,46,1041,0
20,0,8,4723,0
15,4,50,1874,0
22,1,22,1521,0
5,3,47,535,0
16,2,20,939,1
4,1,37,4101,0
4,4,33,4555,0
5,0,43,2781,0
2,2,14,1750,0
20,5,13,1345,0
22,1,35,2361,0
4,5,32,1015,1
20,1,7,2739,0
4,1,18,3989,0
9,4,29,4581,1
9,4,19,1426,1
18,4,6,3458,1
16,3,28,1685,1
20,1,18,3468,0
13,2,11,488,0
8,5,40,2891,1
13,4,28,3432,1
0,4,31,803,0
18,5,41,2920,1
12,5,42,1159,0
12,1,34,4274,0
3,4,31,1398,1
0,5,43,1401,0
16,3,19,773,1
7,3,30,2459,1
1,4,5,4399,0
7,5,8,4212,1
6,1,33,4671,0
1,1,5,3682,0
21,1,47,1116,0
21,0,50,309,0
2,4,26,598,0
17,1,15,528,1
11,3,14,3739,0
0,5,21,3251,0
21,2,40,2205,0
11,2,30,1653,0
4,1,25,3306,0
16,2,17,2669,1
15,2,13,2728,0
14,0,15,1976,0
22,3,15,1167,0
14,3,10,1606,0
4,0,5,3113,0
20,0,10,1767,0
13,2,17,4688,0
1,4,26,4800,1
10,5,35,4166,1
18,5,26,1047,1
6,2,41,4489,0
5,5,31,1271,0
1,0,18,271,0
5,3,9,4726,1
17,5,40,1243,1
1,2,36,1959,0
17,4,38,2288,1
14,2,11,2593,0
18,1,46,3677,1
1,2,14,288,0
19,0,21,4176,0
5,3,34,257,0
0,3,25,2817,0
23,5,17,2070,1
14,0,5,345,0
22,1,5,3003,0
9,0,37,2895,0
18,2,42,3924,1
16,0,29,2477,1
4,0,30,949,0
3,1,17,1910,0
9,2,32,4086,1
23,4,37,2226,1
16,4,41,4364,1
9,3,45,3130,1
16,5,34,2407,1
19,0,12,3176,0
23,3,5,2444,0
4,1,16,719,0
1,4,9,3002,0
5,0,28,2507,0
20,1,10,4552,0
1,5,29,3104,0
12,1,5,4014,0
10,0,29,2586,0
10,5,5,3502,1
15,1,36,3696,0
10,5,46,1777,1
18,0,46,4139,1
14,0,7,1404,0
22,5,23,4193,1
22,2,47,2063,0
15,3,33,3407,0
10,1,6,1461,0
21,1,13,4394,0
15,2,21,1887,0
7,2,50,1173,1
3,2,40,1265,0
7,4,21,3699,1
3,4,16,2817,1
23,5,24,3253,1
2,4,7,4226,0
2,0,47,3155,0
17,5,8,759,1
18,1,21,4742,1
18,3,41,2682,1
20,0,50,1229,0
4,1,46,2374,0
17,1,19,4566,1
9,5,37,1568,1
21,2,20,2202,0
20,2,15,3366,0
5,0,24,2571,0
0,2,42,1251,0
4,1,28,192,0
8,2,20,2666,1
11,4,34,1381,0
13,2,38,3000,0
1,1,5,2899,0
16,5,28,3277,1
13,0,28,4611,0
12,3,13,2704,1
8,2,26,3981,1
14,1,16,2513,0
21,3,21,1644,0
14,3,29,3630,0
23,4,32,2746,0
10,3,19,4884,1
15,5,34,2158,1
16,1,31,4614,1
3,1,26,1245,0
0,2,14,1010,0
7,2,35,3406,1
16,2,31,1666,1
2,5,16,2495,0
19,3,50,3105,0
14,3,35,4607,1
14,4,36,4348,0
23,5,36,191,0
21,2,45,4092,1
13,0,49,430,0
22,4,39,1054,0
13,0,50,3880,0
23,3,25,2701,0
1,4,14,3077,0
12,4,20,4389,0
13,1,11,629,0
23,3,8,2992,1
18,3,31,1366,1
6,5,29,1573,0
2,4,35,4834,1
14,3,15,1697,0
22,4,24,2625,1
13,5,40,4893,1
10,5,21,3861,0
14,1,49,2842,0
12,4,15,4735,0
17,3,34,4525,1
5,3,39,569,0
2,4,45,3930,0
18,4,42,633,1
14,4,26,4662,1
22,2,47,4155,0
4,3,31,3779,1
9,5,41,4187,1
6,3,50,861,0
16,2,39,990,1
6,4,8,2455,1
21,1,20,2055,0
11,4,20,3071,0
16,4,25,1772,1
12,2,30,2936,0
19,3,40,3744,1
3,4,23,2397,0
9,3,21,4161,1
2,0,49,3266,0
8,5,30,1419,1
12,3,26,283,0
17,1,32,1383,1
14,5,5,2946,1
3,1,48,2333,0
14,4,40,4188,1
21,5,47,1532,0
1,3,41,3240,0
14,5,6,1896,1
7,4,21,4822,1
7,2,44,2155,1
16,1,42,3436,1
11,4,25,882,0
18,2,13,1607,1
9,5,17,4970,1
8,5,15,3954,1
4,4,20,776,1
5,3,20,1930,0
19,5,6,4190,1
1,3,46,4406,0
23,3,48,1460,0
12,3,12,4685,0
5,0,47,2786,0
4,2,46,290,0
0,2,17,942,0
20,5,21,434,0
21,5,43,1210,0
20,3,28,678,0
5,0,7,161,0
5,3,34,486,0
22,0,17,1269,0
15,3,23,2300,0
3,1,11,4814,0
10,1,13,1783,0
23,4,23,586,0
22,3,49,3832,0
8,5,44,640,1
22,2,26,2160,0
2,4,22,4346,0
18,5,27,1338,1
7,1,6,1090,1
4,3,15,4567,1
3,4,35,2399,0
23,3,37,4007,0
5,1,18,4388,0
1,4,20,1180,1
19,1,15,297,0
10,0,37,2294,0
3,1,11,1698,0
14,3,35,1700,0
5,2,50,3792,0
21,1,18,3965,0
16,5,32,783,1
23,2,47,3183,0
5,0,20,4089,0
18,4,23,432,1
1,4,21,1871,0
14,2,30,4300,0
10,4,10,2821,1
7,1,47,906,0
18,2,13,1164,1
12,3,21,988,0
11,1,35,3023,0
4,1,16,420,0
5,1,27,4057,0
21,3,9,2482,0
3,0,47,3331,0
18,5,40,2411,1
19,4,40,3701,1
0,2,7,1600,0
19,0,28,1668,0
16,2,21,3381,1
11,4,43,1619,0
14,3,30,2018,0
0,1,8,4189,0
13,1,49,1965,0
5,3,16,1505,0
4,0,5,2823,0
10,0,25,104,0
3,2,23,1268,0
12,3,25,2498,1
10,0,22,2730,0
2,3,47,447,0
0,4,7,4320,0
5,1,48,1913,0
17,1,36,3442,1
23,1,14,2674,0
9,3,44,3925,1
4,3,19,4693,1
22,2,9,152,0
9,1,8,248,1
11,2,32,602,0
1,1,8,969,0
12,2,19,3621,0
7,2,21,4414,1
1,4,48,3971,0
19,2,7,1400,0
0,3,14,2599,0
4,2,46,4133,0
8,1,27,3389,1
16,2,22,4933,1
8,0,5,3953,1
10,5,39,2551,1
14,1,35,4485,0
23,0,48,438,0
5,1,5,2924,0
22,3,7,1793,0
2,5,7,1086,0
16,5,41,3590,1
4,3,23,2833,0
11,5,33,3867,1
17,3,29,4176,1
13,0,37,2106,0
20,4,40,3207,0
23,1,33,4568,0
10,3,30,3430,0
8,1,8,3141,1
1,0,18,630,0
11,4,31,1023,0
2,0,37,4218,0
2,5,26,340,1
0,1,7,1996,0
7,4,27,3424,1
21,5,25,913,1
7,4,45,4850,1
10,5,27,882,1
8,0,8,4155,0
4,3,25,107,0
13,1,41,3873,0
2,2,47,4770,0
20,2,35,3239,0
4,0,25,3889,0
4,1,30,4151,0
18,1,45,617,1
13,0,39,3290,0
3,1,42,3202,0
12,3,28,4678,1
9,0,15,2816,0
17,3,45,678,1
7,1,33,4582,1
7,0,7,4607,1
6,1,5,1965,0
7,0,23,1476,1
13,1,50,3038,0
18,3,26,1005,1
5,3,18,1064,0
0,1,18,2076,0
22,0,48,4859,0
14,2,20,1987,0
0,3,37,2547,0
16,3,17,1091,1
0,5,42,3656,1
14,2,16,4059,0
22,1,42,3704,0
1,0,43,1183,0
13,5,37,534,1
20,1,37,120,0
7,4,33,3022,1
7,3,9,2025,1
18,4,10,1572,1
6,3,35,1199,0
18,3,20,2737,1
5,4,35,489,0
5,4,29,3513,0
2,1,50,2715,0
6,5,37,1454,0
18,5,17,4621,1
7,4,14,105,1
9,1,28,290,1
19,5,14,247,1
14,1,45,4600,0
14,1,35,4453,0
0,3,17,3650,0
19,5,7,4205,1
6,5,38,1210,0
3,3,32,3933,0
5,4,23,724,0
0,3,27,4225,1
4,5,49,2275,1
22,5,36,3249,1
0,4,17,1178,0
3,3,37,3651,0
21,0,38,2452,0
1,0,37,645,0
9,4,9,1295,1
4,3,7,2169,0
9,3,11,3458,1
0,1,28,2538,0
21,5,26,716,1
5,2,49,4344,0
12,4,27,3443,0
14,2,34,1911,0
3,2,22,271,0
12,4,36,4242,1
23,3,11,725,0
19,4,37,4163,1
23,2,9,2354,0
14,5,32,552,0
7,5,12,1518,1
4,5,19,853,1
14,3,8,3472,1
3,0,38,2823,0
11,4,9,3110,1
12,5,37,3011,0
1,4,9,1325,0
18,5,42,267,1
18,3,38,3785,1
3,0,30,185,0
3,0,5,1777,0
10,5,8,2082,0
4,3,43,1586,0
19,1,30,541,0
10,4,37,370,1
9,4,37,443,1
7,2,12,1306,1
5,3,24,3181,1
5,2,20,1357,0
7,5,25,2391,1
22,2,49,1632,0
14,0,30,3522,0
13,4,27,4462,0
10,2,22,1753,0
11,0,35,338,0
12,3,46,1014,0
7,2,16,1538,1
17,5,5,3116,1
0,5,46,1560,1
14,5,13,3179,1
7,4,7,2358,1
10,2,30,466,0
11,3,13,3091,0
11,2,46,3841,0
3,4,20,185,0
15,0,28,2593,0
3,4,18,4815,1
4,5,7,231,1
23,0,38,1003,0
4,5,37,3556,1
7,1,28,1321,0
9,4,13,1863,1
16,4,17,2904,1
8,3,6,1326,1
21,2,11,1384,0
18,0,25,789,0
13,0,23,4882,0
7,3,29,4981,1
8,3,26,4535,1
21,2,15,4607,0
10,5,37,2096,1
22,2,36,4481,0
0,4,25,1209,0
13,5,43,529,0
4,1,24,4226,0
20,2,12,3881,0
13,3,46,702,0
3,5,41,539,0
21,2,13,1084,0
22,0,29,2018,0
0,1,29,4607,0
21,4,37,627,0
22,0,6,4505,0
18,0,23,3096,0
7,1,50,3567,1
14,4,24,1461,0
20,3,46,803,0
14,5,45,762,0
8,4,46,464,1
20,2,33,1022,0
8,0,10,3956,1
9,2,21,275,1
19,3,29,1035,0
20,2,42,481,0
8,4,8,405,1
2,2,34,4797,0
19,3,24,2490,1
10,3,7,2303,0
5,3,27,4907,0
1,4,22,1565,1
6,3,30,3371,1
17,0,40,502,1
1,3,12,4809,0
16,2,21,2770,1
10,5,35,1901,1
11,2,41,2750,0
18,5,49,276,1
21,2,37,4644,0
23,4,31,842,0
6,2,49,2448,0
19,4,8,4502,1
5,4,26,850,0
20,3,30,968,0
23,0,36,4162,0
0,5,28,4067,1
16,3,50,313,1
10,3,39,1717,0
21,4,41,2630,1
17,4,36,3433,1
20,5,11,1697,0
16,2,37,611,1
6,2,35,352,0
16,3,16,4233,1
19,1,15,728,0
8,1,28,3576,1
16,2,12,1086,1
19,1,36,1825,0
21,2,42,2193,0
21,4,26,1801,0
7,3,38,404,1
16,0,23,4178,1
6,3,24,2380,0
0,2,18,4440,0
12,2,37,2907,0
22,3,14,2986,0
18,5,20,3554,1
23,2,8,1124,0
18,1,31,4412,1
16,1,32,3075,1
12,2,47,606,0
15,2,20,4956,0
7,5,37,3051,1
18,1,23,1153,1
17,2,25,2774,1
0,2,26,2667,0
13,5,13,2004,0
18,5,13,4470,1
14,3,13,4687,0
17,5,31,2994,1
1,0,21,1200,0
21,1,48,3761,0
16,3,49,1736,1
17,0,12,1555,1
5,2,20,3713,0
18,2,22,138,1
3,3,37,3184,0
0,5,5,4339,1
7,2,16,2831,1
22,4,10,2515,1
6,3,45,858,0
2,0,9,4442,0
9,3,20,3216,1
9,1,22,864,1
18,5,22,2522,1
13,5,5,1414,1
1,3,23,4402,0
0,2,12,4095,0
22,2,7,4129,0
22,4,29,3793,0
17,4,9,3285,1
6,5,44,2966,1
7,4,23,1417,1
0,0,22,800,0
22,4,35,4483,1
2,0,37,2301,0
23,4,22,1693,0
22,5,43,4087,1
7,5,20,4245,1
21,0,20,1330,0
14,3,42,2712,0
4,5,45,3237,1
2,3,11,2008,0
18,2,18,1890,1
0,0,47,3028,0
14,5,29,1188,0
7,1,36,2481,0
1,2,42,4227,0
2,3,26,3045,0
23,5,20,3669,0
13,0,33,1265,0
23,4,20,700,0
13,1,16,2125,0
10,3,21,1684,0
15,2,41,1087,0
3,0,31,2065,0
19,1,29,1539,0
4,0,17,4715,0
21,5,12,968,1
20,4,9,2163,0
13,2,16,1229,0
22,0,45,4478,0
15,3,7,4556,0
17,5,39,3829,1
6,5,37,2034,0
9,2,26,1176,1
6,5,48,1739,1
0,3,13,1492,0
22,0,45,130,0
20,2,22,803,0
18,5,33,968,1
15,5,43,332,1
18,3,31,1050,1
3,4,40,158,0
17,4,49,2918,1
1,5,21,3700,1
0,0,38,3249,0
14,2,50,401,0
4,5,7,2950,1
19,1,9,3044,0
10,2,18,2023,0
9,4,7,416,1
1,5,27,1988,1
2,3,43,2815,0
22,1,34,4885,0
22,5,49,1981,1
11,0,27,3998,0
19,1,31,4213,0
4,5,14,1278,0
4,0,29,3955,0
5,1,17,4973,0
8,0,20,4555,1
1,0,45,431,0
20,1,38,627,0
11,1,41,2159,0
2,0,26,1198,0
19,4,21,311,0
21,1,27,1814,0
11,5,40,2788,0
23,2,13,2430,0
16,3,6,3366,1
9,0,36,1132,1
23,0,26,1432,0
13,3,47,1940,0
22,4,17,4786,0
16,3,12,2238,1
17,1,5,4651,1
18,3,21,4191,1
16,0,16,543,0
13,3,8,4274,0
8,2,17,1598,1
7,5,35,1026,1
1,1,45,722,0
12,3,11,1579,0
6,0,27,3137,0
8,5,28,3485,1
21,1,9,3418,0
21,0,9,333,0
10,4,21,1717,1
13,2,34,2791,0
3,4,13,2130,1
12,2,10,486,0
1,3,29,1734,0
22,1,23,4233,0
4,3,20,1284,0
10,2,25,2067,0
5,2,6,340,0
17,2,14,661,1
20,5,20,2099,1
9,0,41,2029,1
3,1,19,2879,0
8,3,17,1775,1
5,3,17,2615,0
1,4,36,1777,0
16,2,49,4241,1
4,2,50,3846,0
5,2,12,3456,0
11,3,47,1751,0
22,4,22,4277,0
20,0,40,3941,0
9,5,30,2541,1
21,1,14,4985,0
20,0,35,694,0
5,3,37,2712,0
7,5,33,4196,1
1,5,9,1596,0
11,5,17,3655,1
12,2,5,4961,1
20,1,27,4866,0
6,3,44,3458,0
9,3,7,1701,1
12,5,7,1014,1
16,3,11,1944,1
20,1,40,2095,0
13,1,39,194,0
1,4,19,592,0
21,4,44,3169,1
10,0,7,249,0
0,1,33,1146,0
18,1,34,2903,1
20,1,43,498,0
3,4,22,4576,1
18,5,15,651,1
20,5,47,394,0
10,3,42,1243,0
7,5,44,555,1
10,2,5,1653,0
3,4,33,268,0
16,1,14,4905,1
6,5,32,2046,1
7,4,35,353,1
2,5,23,2476,1
21,0,7,1420,0
1,1,40,2983,0
22,0,47,3707,0
14,1,19,2225,0
23,4,37,3596,1
21,3,45,2340,1
21,5,47,500,1
4,5,49,2256,1
23,2,30,2476,0
0,0,20,462,0
3,5,40,4038,1
14,4,37,3951,0
19,3,24,3512,0
18,4,17,2406,1
2,0,37,184,0
19,2,9,1924,0
10,5,41,3985,1
16,4,18,407,1
12,1,31,4457,0
10,3,27,2021,0
1,4,18,730,1
8,3,44,4875,1
1,5,8,2471,0
20,1,43,3400,0
8,2,23,3767,1
8,2,8,826,1
7,1,34,1748,1
16,3,23,4412,1
0,5,35,1369,1
10,4,35,4643,1
7,1,13,418,0
9,0,17,3575,1
6,3,18,2878,0
2,2,50,3158,0
2,1,14,4234,0
17,2,35,1702,1
4,3,41,2356,0
11,2,27,929,0
11,1,31,955,0
18,3,10,2748,1
5,0,30,1958,0
1,1,6,1202,0
11,4,49,2581,1
18,5,17,1920,1
4,1,23,2179,0
11,3,5,3258,0
16,5,44,2540,1
16,1,36,3784,1
9,0,26,1355,1
22,0,33,3057,0
16,4,6,3751,1
14,2,44,2339,0
11,5,42,2039,0
15,3,15,369,0
23,3,21,4930,0
18,2,47,4164,1
7,0,12,3875,1
20,0,26,1212,0
16,1,8,748,1
22,4,15,1279,1
4,5,12,2242,1
21,4,13,116,0
15,4,30,216,0
5,1,6,1645,0
7,4,20,3251,1
17,2,35,2793,1
11,1,10,4189,0
14,2,25,1376,0
8,1,30,3340,1
12,4,23,3888,0
14,2,32,471,0
9,2,12,2907,1
15,2,18,255,0
6,1,28,2761,0
16,3,48,564,1
22,4,41,4978,0
20,2,30,4999,0
21,5,35,4415,1
6,3,36,1873,0
13,5,45,216,1
14,4,6,2203,0
20,4,29,1474,1
6,2,48,3303,0
8,2,6,4503,1
18,1,46,3646,1
15,3,5,4077,1
7,3,40,4417,1
17,2,16,1296,1
22,4,13,3511,1
17,2,40,896,1
19,4,45,3992,1
6,4,32,250,0
2,2,42,3349,0
17,0,37,211,0
9,3,46,782,1
6,5,50,1261,0
16,4,26,2479,1
13,4,29,260,0
23,0,22,1525,0
2,5,10,3761,1
11,1,22,377,0
12,0,20,3491,0
1,5,19,1656,0
2,0,12,4692,0
4,4,17,2015,0
10,3,47,4850,0
7,0,11,3207,1
22,1,21,402,0
22,2,36,4633,0
11,5,26,2873,1
6,0,17,4381,0
14,0,27,3345,0
23,1,33,4868,0
16,3,26,1100,1
3,0,5,3934,0
21,0,33,4106,0
12,3,9,4878,1
17,1,39,1818,1
0,5,14,3930,0
15,5,23,3281,1
12,0,41,2982,0
9,3,11,1098,1
11,0,50,384,0
1,2,39,520,0
22,5,49,2260,1
2,4,17,3165,1
9,2,14,2375,1
1,0,6,1594,0
22,1,10,3984,0
12,5,12,4723,1
12,4,40,2643,0
17,2,29,4226,1
2,5,48,4357,1
6,3,44,1941,0
13,1,11,4900,0
19,2,50,821,0
16,3,27,1501,1
20,0,23,545,0
11,3,50,2891,0
15,2,26,4622,1
23,2,17,3867,0
11,0,25,2651,0
14,3,5,2067,0
9,3,23,3988,1
6,0,37,4916,0
19,3,8,2831,0
4,5,46,2729,0
0,0,7,2064,0
16,1,31,1157,1
2,2,45,4931,1
12,1,39,857,0
13,5,32,1895,1
23,5,10,1743,0
17,4,10,4949,1
3,4,48,123,0
17,4,27,1339,1
4,0,37,4250,0
15,3,20,3197,0
0,5,28,1404,0
20,1,9,2642,0
13,1,45,3812,0
14,1,46,4055,0
8,1,17,4629,1
14,4,16,4403,1
16,1,9,4328,1
23,3,41,1405,0
3,4,35,4564,1
11,1,32,3274,0
4,0,32,3728,0
4,2,34,881,0
10,2,22,666,0
5,2,48,4722,1
6,4,31,4232,0
23,1,39,4373,0
13,5,30,738,0
23,5,43,3800,1
10,5,22,4267,1
12,4,37,2499,0
1,3,29,2770,0
6,0,35,1272,0
19,0,41,1820,0
3,2,6,204,0
7,2,37,1782,1
19,5,43,4416,1
21,5,47,1949,1
20,2,47,962,0
18,1,36,3545,1
12,3,22,2665,0
13,3,21,398,0
9,3,38,3008,1
10,3,43,4237,0
1,2,11,870,0
8,0,46,2639,1
16,2,39,1562,1
2,3,34,3954,1
23,2,16,3218,0
5,3,39,2232,0
4,4,15,1809,0
4,5,48,1090,0
21,0,8,810,0
14,4,29,4404,1
22,1,36,138,0
16,2,24,1375,1
8,1,35,4957,1
2,2,8,1536,0
19,5,42,3093,1
16,4,5,1569,1
9,5,7,2199,1
2,3,41,473,0
17,5,26,4351,1
17,5,21,4125,1
16,3,18,1213,1
23,2,45,2826,0
2,3,39,2498,1
2,4,17,3334,0
5,5,39,1365,1
12,3,47,3223,0
23,5,6,753,1
14,4,17,4258,1
8,1,20,608,1
3,4,22,2439,1
13,0,11,3262,0
4,0,49,1787,0
1,0,40,1488,0
10,5,45,2297,1
8,2,34,4011,1
23,2,46,3028,0
2,2,45,4899,0
8,5,11,615,1
2,4,19,3758,0
1,2,44,1933,0
11,1,23,129,0
9,0,47,3314,1
8,4,41,425,1
14,0,6,3866,0
7,2,46,4211,1
4,4,17,210,0
10,3,44,206,0
1,1,45,2526,0
23,2,47,4478,1
14,2,47,4464,1
5,1,35,2631,0
7,1,20,3244,1
4,3,46,4793,0
15,2,48,898,0
17,5,10,2537,1
5,2,32,2111,0
4,0,36,525,0
15,4,48,3144,0
12,4,14,3388,0
4,0,22,3014,0
12,4,8,1339,1
16,1,13,3491,1
17,4,11,4313,1
7,4,12,4097,1
12,0,47,3106,0
18,3,11,3139,1
2,4,45,698,0
23,5,44,2187,1
7,4,7,1284,1
1,3,21,2850,0
7,0,6,2684,1
12,3,19,4859,1
12,0,50,3613,0
0,1,33,4845,0
5,0,26,4154,0
23,1,8,4483,0
18,1,10,4036,1
15,0,42,1799,0
7,5,30,4607,1
0,2,15,2675,0
15,0,30,235,0
8,4,21,2125,1
12,5,28,3635,1
10,5,32,4954,1
12,4,39,2990,0
20,2,35,2857,0
9,5,17,3873,1
3,1,39,480,0
5,2,20,1628,0
6,4,19,4671,1
4,2,47,3728,0
10,0,22,948,0
12,2,41,4227,1
18,1,45,2027,1
22,0,31,2265,0
9,3,39,4386,1
9,4,49,2221,1
10,4,39,4818,1
20,2,32,3018,0
6,5,43,4781,1
17,0,42,572,0
3,3,13,1887,0
1,0,16,213,0
13,4,19,1436,0
12,0,25,438,0
11,3,39,2385,0
6,5,46,1296,1
1,2,37,178,0
12,1,23,4659,0
13,0,27,2752,0
16,1,17,4757,1
8,4,48,4480,1
16,2,5,4418,1
7,2,33,2740,1
1,0,28,1356,0
23,5,20,927,0
12,2,29,2818,0
2,0,27,2910,0
15,0,32,3485,0
5,1,20,2065,0
18,2,47,2527,1
6,0,42,2941,0
9,1,15,713,1
8,3,7,662,1
1,1,19,4926,0
14,1,5,4452,0
4,0,11,284,0
21,4,5,2292,0
3,4,36,4165,1
19,5,13,345,0
3,4,33,4186,1
17,1,30,2334,1
3,5,27,965,0
16,0,49,2187,0
11,2,47,700,0
21,1,33,3133,0
16,1,42,2156,1
9,5,37,2231,1
21,0,11,632,0
0,3,16,2142,0
21,1,35,457,0
23,3,36,477,0
17,3,24,2319,1
17,4,21,4588,1
13,0,40,4897,0
14,3,7,3407,0
11,0,5,2696,0
3,4,31,883,0
2,0,44,2479,0
19,1,37,3703,0
11,3,24,1082,0
6,0,18,4042,0
10,2,40,2690,0
0,0,9,1142,0
5,3,27,2638,0
14,4,49,961,0
14,4,19,1976,1
18,3,10,1935,1
10,1,37,4308,0
22,1,23,3626,0
1,4,17,1785,0
13,4,33,3501,1
1,3,10,1722,0
3,1,19,2757,0
16,4,20,2032,1
2,1,28,607,0
12,4,27,4661,1
8,0,14,3578,0
6,2,45,2756,0
14,5,45,1221,1
22,0,21,389,0
10,5,48,2929,1
19,4,49,2309,1
1,2,34,4912,0
14,2,48,1500,0
13,4,50,666,0
19,4,14,1573,1
21,1,23,2087,0
10,4,33,3887,0
2,3,6,3965,1
16,4,40,3360,1
11,3,23,3647,0
23,4,11,3351,1
20,1,30,1816,0
14,3,19,1112,0
15,0,42,1410,0
4,3,7,4670,1
19,1,42,717,0
5,5,20,4836,1
18,3,6,4357,1
4,4,35,2082,0
2,4,32,2328,1
0,5,11,4920,1
5,1,34,568,0
14,2,47,4216,1
1,4,11,4455,1
2,0,40,1239,0
16,1,33,1536,1
23,3,28,636,0
11,3,43,1051,0
17,0,8,2913,0
14,4,33,3106,1
11,1,48,4094,0
15,0,9,1940,0
7,4,33,950,1
13,1,34,2071,0
16,3,33,1291,1
20,1,30,4020,0
7,5,23,4728,1
14,2,30,2162,0
13,1,41,3146,0
17,2,31,4499,1
19,1,34,3658,0
6,2,34,4611,1
2,5,7,404,0
11,3,47,2947,0
20,4,11,2535,0
23,2,13,2904,0
2,5,45,2084,0
19,2,46,4036,0
13,3,17,812,0
14,2,19,2995,0
13,5,9,1781,0
6,5,33,1433,1
16,0,39,3298,1
11,3,31,274,0
19,0,31,3305,0
3,3,12,1516,0
8,2,36,2087,1
5,5,24,4953,1
15,0,14,1872,0
21,2,17,4366,1
21,5,33,1174,1
20,3,39,4860,0
20,5,12,691,0
1,2,33,3078,0
23,0,35,4082,0
7,0,45,2510,1
10,5,34,947,1
12,2,26,593,0
16,1,25,645,0
7,3,16,2386,1
20,3,15,2797,1
17,2,6,3937,1
17,1,45,1640,1
13,0,6,983,0
14,4,38,4056,0
5,4,7,3194,1
10,2,20,2465,0
12,1,8,3447,0
0,1,27,3171,0
5,3,24,3775,0
8,0,29,4815,1
7,5,34,1052,1
10,1,22,3400,0
21,5,46,3835,1
18,4,15,3279,1
23,5,33,3063,1
8,0,21,4127,1
16,0,30,3347,1
11,5,27,4515,1
13,2,24,3457,0
14,1,49,4948,0
15,2,6,2804,0
21,5,28,1137,0
21,1,35,170,0
19,3,31,2974,0
0,2,6,205,0
9,2,18,869,1
7,5,8,2109,1
17,4,17,3040,1
0,5,40,2292,0
1,2,39,3595,0
0,1,48,4411,0
0,4,12,4455,1
8,5,6,1033,1
12,5,10,674,0
0,2,35,4030,0
12,2,14,4480,0
19,3,48,4187,0
21,5,25,2631,1
6,2,46,2519,0
1,0,14,169,0
5,4,27,4574,0
6,0,7,1402,0
13,4,36,3914,1
17,5,24,2449,1
14,3,14,354,0
1,2,33,1807,0
9,2,45,4887,1
22,2,50,933,0
11,5,38,2864,1
16,4,41,2571,1
7,2,24,3842,1
10,0,12,2135,0
2,2,11,2067,0
5,5,10,199,1
8,3,15,1952,1
5,0,48,3283,0
8,2,22,2455,1
6,2,46,211,0
8,1,33,3258,1
17,4,29,282,1
11,0,25,3952,0
7,1,50,264,1
7,3,7,2237,1
17,4,22,2123,1
19,0,28,554,0
14,2,42,2385,0
6,0,14,4922,0
10,2,31,641,0
19,4,16,2765,1
15,2,11,2549,0
3,3,21,4033,0
5,5,5,2986,1
21,2,30,4714,0
2,3,19,4392,0
8,5,37,4004,1
9,4,41,1788,1
13,4,35,1737,1
10,0,39,4828,0
17,3,5,4770,1
21,3,12,4182,0
11,1,16,1990,0
22,1,23,3305,0
11,5,29,577,0
12,5,36,2466,0
12,1,16,2626,0
18,5,17,466,1
18,2,32,1936,1
22,1,5,1815,0
13,3,10,112,0
3,2,12,635,0
12,5,8,3339,1
7,4,9,2417,1
22,0,29,4142,0
20,1,26,475,0
22,4,32,1824,0
18,5,43,356,1
11,3,27,2364,0
17,0,8,549,0
5,4,8,993,0
17,0,25,3312,1
18,1,41,1284,1
21,5,45,3323,1
4,3,6,1408,0
23,5,11,4805,1
8,0,20,1016,1
2,4,21,247,0
9,1,24,4851,1
18,1,27,2214,0
2,5,38,4116,1
21,4,15,4040,0
14,4,38,4171,1
0,0,37,2895,0
6,5,30,542,1
11,5,6,3044,0
16,2,27,4036,1
20,5,45,498,0
23,1,26,1251,0
19,0,38,3892,0
4,4,19,3095,0
3,5,14,2316,0
11,0,19,1807,0
19,5,46,3431,1
23,4,33,2087,0
17,3,27,4702,1
16,4,21,2668,1
18,4,13,260,1
8,4,40,4535,1
3,5,13,4004,1
20,2,20,3673,0
1,4,40,3277,0
3,1,37,1925,0
1,1,35,4024,0
14,0,10,1723,0
1,2,14,1276,0
3,0,20,3820,0
5,1,8,4980,0
6,1,26,3320,0
9,3,17,3359,1
18,4,20,230,1
18,1,33,3662,1
21,5,10,1599,0
11,5,30,2888,1
2,0,15,4976,0
12,0,28,3808,0
17,4,33,1807,1
7,4,7,1869,1
20,3,14,1418,0
14,2,5,3479,0
0,0,47,2873,0
2,4,30,3090,1
7,0,16,3144,1
3,4,18,475,0
15,1,29,3136,0
22,0,12,760,0
9,1,47,1503,1
11,0,8,840,0
13,2,32,403,0
13,3,11,1185,0
1,5,14,4981,1
22,5,40,3279,1
4,5,6,1310,1
4,1,30,3134,0
5,4,18,328,0
12,5,20,3219,1
8,2,47,1954,1
21,5,46,367,1
14,0,21,2874,0
13,1,50,2949,0
23,0,26,4449,0
6,0,8,2234,0
19,0,23,3559,0
1,3,6,2369,0
6,3,43,1089,0
5,4,13,4592,1
16,1,23,1037,0
1,2,20,539,0
2,2,29,2458,0
4,2,22,2107,0
4,0,27,3445,0
0,3,25,4230,1
7,1,15,4916,1
11,0,43,3843,0
23,3,45,618,0
3,3,8,368,0
12,5,29,4833,1
22,5,36,4285,0
14,1,34,1488,0
10,1,49,1794,0
9,1,30,3373,1
2,0,40,1489,0
21,4,38,3965,1
13,1,13,3129,0
15,5,16,2435,1
9,4,6,3774,1
9,0,42,4676,1
11,4,9,600,0
8,2,9,1761,1
0,4,26,2199,0
4,1,9,202,0
19,0,8,2846,0
7,1,13,3376,1
10,5,33,3185,1
11,2,26,3637,0
0,5,31,1427,0
21,1,14,2574,0
19,1,20,1779,0
10,1,46,3846,0
4,3,46,2662,0
14,2,14,4263,0
4,1,10,3417,0
11,1,9,2536,0
4,5,10,407,0
16,5,29,4096,1
16,1,8,1189,1
23,0,44,4655,0
11,3,36,2494,0
23,5,39,4104,1
14,0,14,766,0
14,3,38,4263,1
5,1,40,2334,0
11,2,10,1336,0
19,4,47,1723,1
17,4,50,1474,1
13,1,20,3411,0
1,5,23,276,0
8,0,38,1453,0
4,2,29,3028,0
19,3,35,725,0
0,1,45,2754,0
22,2,21,3708,0
2,2,34,3815,0
5,5,43,4374,1
4,3,35,494,0
20,2,23,1268,0
4,5,39,297,1
0,0,33,1068,0
16,5,5,4008,1
18,0,8,3255,1
13,0,32,4864,0
11,2,22,2604,0
9,5,30,1376,1
19,0,44,4267,0
20,3,23,4418,0
17,2,10,1369,1
23,5,5,1464,0
10,5,12,1023,1
1,4,37,570,0
17,5,47,3116,1
6,2,25,2154,0
23,3,28,4383,0
14,5,29,2151,1
10,4,47,3054,1
17,2,23,1248,1
22,0,33,3186,0
11,1,14,1059,0
5,1,16,729,0
19,0,37,874,0
22,5,11,459,0
12,1,21,617,0
19,1,14,1443,0
15,0,35,2069,0
17,5,10,3327,1
9,5,21,2999,1
22,0,41,1034,0
7,5,22,2086,1
17,5,30,476,1
20,2,20,3660,0
0,2,12,1874,0
22,0,28,1605,0
7,3,17,2754,1
5,1,33,1110,0
4,2,36,3577,0
14,1,28,1330,0
21,4,20,1277,0
14,0,15,3957,0
1,3,36,2195,0
0,4,10,1772,0
22,4,39,2028,0
22,5,37,3939,1
10,4,22,3278,1
9,0,41,4368,0
17,2,17,2653,1
17,0,14,2545,0
16,2,41,4489,1
7,4,30,651,1
14,4,50,2997,0
7,3,21,1139,1
16,2,5,984,1
11,4,29,3151,0
7,5,38,4329,1
13,1,43,4966,0
3,3,14,3697,1
0,0,24,2655,0
0,3,11,1189,0
18,1,20,4675,1
15,2,41,558,0
13,0,33,4821,0
20,0,16,4354,0
15,2,21,2107,0
4,3,24,2020,0
8,4,30,4627,1
1,3,23,1103,0
17,1,16,3183,1
5,5,25,2214,0
8,4,46,2689,1
0,3,38,2243,0
8,5,11,4410,1
15,5,49,2341,0
12,2,39,2186,0
8,1,19,1038,1
20,1,5,4401,0
12,1,30,4070,0
8,4,39,4099,1
10,0,29,4750,0
3,4,46,3508,1
1,3,19,870,0
5,5,26,348,1
13,5,10,472,0
3,0,19,3026,0
5,3,28,3957,0
18,0,25,801,0
5,5,11,2285,0
1,4,33,1041,0
17,1,36,4014,1
12,5,36,893,1
8,2,9,777,1
22,1,8,1661,0
18,5,26,4153,1
12,4,22,552,0
10,0,39,2566,0
0,1,21,3756,0
23,4,28,4246,1
21,3,6,3854,1
6,2,17,309,0
20,1,19,2026,0
14,0,9,4066,0
0,3,7,1977,1
11,4,41,726,0
6,2,41,2826,0
14,0,41,1558,0
20,4,7,2924,1
18,4,39,1350,1
0,1,27,4858,0
16,1,32,4463,1
16,0,34,2263,1
2,5,22,1723,0
11,5,40,1953,0
5,4,37,853,0
10,1,30,1968,0
2,2,44,281,0
7,2,21,1613,1
13,4,44,1002,0
13,1,11,3444,0
9,0,12,3553,1
1,0,35,3707,0
13,0,16,2656,0
8,2,35,2239,1
2,1,48,4344,0
20,1,23,2264,0
7,2,14,2712,1
15,0,43,2121,0
1,0,16,2921,0
5,4,24,2381,0
20,5,41,1670,0
11,3,45,2072,0
4,5,11,4086,1
1,1,18,2344,0
15,1,15,2542,0
4,1,11,813,0
14,5,33,3645,1
11,3,14,322,0
3,4,33,963,0
14,5,13,4725,1
10,3,40,1525,0
15,0,14,2404,0
22,0,23,753,0
5,1,35,1259,0
13,2,21,1942,0
17,1,13,543,1
11,2,49,2565,0
10,3,37,4769,0
12,0,38,4536,0
20,5,49,2957,1
22,2,28,1380,0
10,3,13,3139,0
22,0,11,3895,0
15,5,20,3737,1
14,2,23,3858,0
20,1,43,199,0
14,1,10,2186,0
3,1,15,2410,0
10,3,16,4345,0
18,1,46,2837,1
14,4,17,1707,1
3,0,16,3053,0
20,3,25,4081,1
12,5,14,3294,1
21,1,24,4439,0
18,0,40,4782,1
1,2,32,3192,0
13,1,28,3062,0
3,0,9,2762,0
15,4,41,955,0
20,2,16,2246,0
19,4,39,1486,0
13,5,44,1816,1
14,0,6,4251,0
2,4,45,1825,0
7,5,49,2053,1
15,0,43,284,0
9,0,46,621,0
3,4,13,2411,0
17,0,26,1348,0
1,1,9,1758,0
16,0,16,1102,1
12,3,5,3327,0
3,5,48,3238,1
10,0,26,2028,0
6,3,42,493,0
11,0,23,1717,0
9,0,20,3741,1
6,4,35,760,0
12,1,7,4264,0
6,5,27,419,1
23,1,46,2324,0
16,2,22,683,1
9,4,30,3700,1
9,4,17,681,1
23,1,22,3796,0
3,4,7,1867,0
19,1,27,1656,0
3,4,7,1898,0
21,0,29,4306,0
6,1,31,1098,0
21,1,48,857,0
0,3,31,382,0
11,4,43,4996,1
23,4,29,230,0
12,1,28,1393,0
9,0,12,160,1
14,0,13,2311,0
12,5,50,1648,1
22,0,41,4467,0
21,4,34,1881,1
21,3,23,137,0
20,1,20,3731,0
21,2,28,2764,0
8,3,48,573,1
8,2,25,158,1
14,3,40,2736,0
9,0,44,2714,0
23,4,43,2714,0
9,2,10,4578,1
7,3,9,1511,1
23,4,18,184,0
15,2,49,1633,0
16,1,46,3897,1
4,3,8,2774,0
3,1,12,2973,0
17,0,28,3220,0
23,1,15,1190,0
18,1,21,2934,1
3,5,25,4324,1
6,3,30,2176,0
9,0,47,3290,0
17,1,48,4887,1
18,4,49,4328,1
3,2,31,1308,0
9,1,20,3677,1
0,0,30,4841,0
22,1,37,2681,0
17,2,35,3887,1
4,0,10,615,0
14,3,48,2312,0
16,0,12,3074,1
2,3,11,1032,0
11,0,38,1763,0
1,2,48,656,0
0,2,18,1771,0
22,0,20,1092,0
20,1,47,1728,0
16,2,13,1791,1
21,3,14,4952,0
15,3,21,1204,0
4,4,16,1370,0
14,5,10,3002,0
2,5,23,4844,1
6,5,47,1509,1
10,3,45,3746,0
9,4,33,1430,1
8,5,10,4823,1
13,5,29,2154,1
12,0,28,1053,0
1,0,29,1942,0
2,0,20,2902,0
6,1,20,109,0
20,5,10,2709,1
17,1,41,221,1
2,4,25,4882,0
9,3,8,2660,1
21,5,38,3137,0
6,3,32,540,0
8,0,42,2849,1
16,5,45,690,1
10,2,32,1468,0
6,1,21,2089,0
23,1,18,1461,0
13,5,11,3873,1
18,0,26,2164,1
3,1,5,2515,0
5,0,33,3051,0
9,4,35,2868,1
6,3,34,3516,0
12,2,19,1676,0
13,3,22,214,0
3,3,39,1468,0
7,4,34,238,1
4,1,38,3473,0
0,2,46,1415,0
3,1,15,173,0
2,5,31,3946,1
8,3,28,583,1
7,5,39,4211,1
0,0,43,1649,0
5,3,12,1459,0
8,1,22,1996,1
6,3,17,4324,1
3,0,49,610,0
12,4,28,522,0
16,5,27,2532,1
1,5,16,2006,0
4,1,34,4427,0
11,3,35,1058,0
20,1,32,924,0
7,4,26,164,1
5,3,48,4810,1
7,3,32,3448,1
17,1,17,900,1
2,1,29,377,0
21,0,48,1817,0
11,4,50,2513,1
2,0,11,1338,0
21,5,49,4623,1
5,3,10,1586,0
1,1,28,4781,0
22,3,23,3398,1
11,3,23,4570,0
1,2,40,3095,0
5,5,13,192,0
16,2,40,3631,1
2,3,42,1940,0
1,1,44,3627,0
22,3,33,1721,0
19,5,28,1661,0
7,2,9,1516,1
21,1,46,3064,0
11,3,49,4290,0
3,4,30,1230,0
4,5,18,1513,0
12,5,43,3697,1
14,4,33,3844,0
22,3,10,2218,0
15,5,11,763,0
9,1,41,2734,1
22,3,22,2874,0
15,3,27,4069,0
11,2,48,3590,0
16,5,42,1671,1
15,5,5,1623,0
11,4,8,1087,0
7,2,48,3338,1
19,2,39,3945,0
2,5,27,3793,1
15,3,31,198,0
12,2,30,2388,0
22,4,12,1614,1
18,2,47,4397,1
7,4,20,733,1
21,2,45,4941,0
4,4,7,4685,1
19,2,36,678,0
7,2,9,4059,1
23,1,24,372,0
11,4,18,4981,1
0,4,36,4054,0
20,4,30,4027,1
19,0,10,552,0
5,2,40,1275,0
21,4,44,513,1
17,5,9,1650,1
7,0,17,4626,0
6,1,36,2046,0
0,4,20,291,0
20,4,5,140,0
15,0,17,1959,0
11,2,15,1432,0
5,5,12,3549,1
19,1,29,235,0
1,4,44,4301,1
13,2,36,4714,0
3,5,28,2041,0
0,5,32,1665,0
22,1,18,4321,0
17,3,49,488,1
12,5,7,1658,1
1,3,40,2221,0
8,5,31,1128,1
20,1,24,3634,0
1,0,19,181,0
8,1,31,875,0
0,1,49,3138,0
10,0,45,4473,0
2,0,32,2987,0
19,2,29,1978,0
22,5,46,2371,1
3,2,48,1707,0
17,0,50,3239,1
22,3,37,705,0
5,3,50,4835,0
2,1,18,3514,0
21,4,12,3765,1
10,1,18,2244,0
14,1,5,4370,0
21,4,20,3865,1
4,5,22,1476,1
19,0,11,3562,0
9,3,19,447,1
11,1,28,100,0
14,4,17,162,0
16,2,13,1883,1
9,1,19,3914,1
5,3,39,325,0
17,0,28,1142,1
12,1,37,944,0
2,1,20,2780,0
23,5,12,4219,1
9,4,33,1334,1
13,2,27,2084,0
5,2,49,4356,1
2,0,35,1378,0
15,3,44,1694,0
6,0,18,2651,0
19,1,34,2052,0
13,1,43,1795,0
8,2,31,1054,1
14,3,20,3391,1
20,4,10,456,0
2,3,37,3695,0
1,1,48,1068,0
1,4,22,341,0
2,3,20,3546,0
17,3,16,4334,1
13,4,24,2244,1
19,1,49,246,0
17,3,44,642,1
9,4,33,791,1
1,5,34,1125,1
21,5,30,4150,1
0,1,26,4105,0
3,4,37,3459,0
13,5,43,3051,1
0,4,33,829,0
13,3,26,4599,1
15,1,49,2655,0
21,5,17,1250,0
13,3,13,1835,0
19,0,28,1138,0
2,0,19,3012,0
2,1,40,4940,0
8,5,17,2640,1
5,5,31,4514,1
12,5,48,1342,1
20,4,41,872,0
1,3,11,2016,0
7,5,12,3512,1
20,3,41,2599,0
1,1,45,3540,0
3,5,18,3645,1
14,1,16,1313,0
3,5,40,3031,1
12,0,44,518,0
11,2,21,3881,0
12,1,44,888,0
13,5,33,1971,1
19,2,31,4690,0
17,1,5,2125,1
5,4,38,2546,1
10,5,8,4923,1
1,4,28,660,0
22,0,25,2751,0
18,5,37,4004,1
18,0,11,639,1
4,2,5,4855,1
18,1,45,3236,1
1,3,7,3389,1
9,0,48,2710,1
1,3,19,2044,0
10,3,35,3245,1
17,1,20,2858,1
23,2,14,3360,0
14,1,33,4207,0
8,5,10,1995,1
22,0,33,2600,0
18,3,21,2929,1
8,1,26,3973,1
2,1,28,147,0
20,1,21,2464,0
8,0,25,2356,0
13,2,15,4772,0
18,1,11,853,0
6,0,46,2902,0
15,3,43,4749,0
15,5,9,3752,1
0,4,48,502,0
3,0,25,2186,0
3,4,22,2327,1
6,1,39,3510,0
7,1,24,3090,1
16,0,19,4743,0
4,4,9,1249,0
6,1,17,162,0
19,3,16,3253,1
19,2,25,1108,0
3,2,41,2131,0
5,1,10,1422,0
6,4,11,2181,0
17,5,30,851,1
4,1,46,4244,0
19,5,12,757,0
2,5,13,1760,1
6,4,31,800,0
21,5,8,1180,1
13,3,25,2256,0
6,4,35,1640,1
4,1,25,3132,0
21,3,44,2083,0
4,0,29,414,0
22,2,43,3181,0
1,1,19,4833,0
20,1,39,2414,0
21,1,47,2235,0
5,3,45,1749,0
14,0,41,3319,0
20,4,46,3900,1
9,0,32,2578,1
22,3,18,4167,0
23,1,8,1875,0
6,2,24,2066,0
4,1,38,1867,0
0,4,16,3915,0
12,5,37,341,0
20,2,28,4897,0
17,1,24,3049,1
12,2,9,4936,0
20,5,42,4976,1
20,0,34,2356,0
17,3,28,4211,1
4,1,47,3468,0
12,4,44,466,0
3,0,11,2927,0
16,1,40,1352,1
2,0,42,2587,0
16,4,20,4885,1
10,1,19,3703,0
20,5,50,3621,1
19,5,27,4617,1
22,4,16,1743,1
20,2,33,1312,0
3,4,48,4803,1
1,2,19,119,0
19,1,33,775,0
15,2,49,4577,1
17,1,47,708,1
7,1,25,161,1
2,3,19,1365,0
8,1,18,2385,1
19,2,46,1254,0
5,3,48,1728,0
9,3,20,1726,1
20,1,19,3816,0
9,4,46,1542,1
12,4,8,1753,0
16,5,31,2602,1
8,3,27,3369,1
16,1,33,381,0
23,4,45,1124,0
8,1,13,4918,1
8,1,47,3503,1
0,3,47,1335,0
1,5,11,4282,1
15,3,46,4860,1
0,0,8,885,0
9,4,9,3417,1
17,4,9,1767,1
7,4,15,3108,1
20,2,45,3294,0
10,1,32,4889,0
22,3,20,3875,1
1,4,45,2546,0
7,0,34,3890,1
21,4,8,633,1
7,5,6,501,1
16,1,50,3763,1
14,1,7,229,0
16,3,25,2439,1
22,2,10,4471,0
23,3,47,3059,0
12,4,22,1958,0
18,5,48,3073,1
4,0,9,4250,0
11,3,13,3749,0
0,2,24,2886,0
22,3,32,3197,1
4,1,30,3612,0
7,4,22,4960,1
12,4,23,1320,0
7,4,7,741,1
22,4,13,3414,1
10,4,40,823,0
0,4,35,4997,1
12,0,21,837,0
18,2,27,4953,1
23,4,38,1399,1
2,2,45,3580,0
23,5,45,439,1
16,4,9,252,1
4,3,19,1521,0
19,4,7,3151,1
20,1,23,526,0
7,0,32,3658,1
13,3,7,1235,0
3,3,42,2472,0
10,1,8,3429,0
19,4,28,1049,1
14,0,35,1473,0
18,3,49,1056,1
6,0,49,1801,0
18,3,15,3041,1
18,4,41,2582,1
10,5,5,1403,1
4,3,13,470,0
4,5,21,3080,1
21,3,5,2396,0
7,2,7,4898,1
9,4,30,2225,1
5,1,35,3066,0
14,5,30,4245,1
15,1,27,2842,0
16,4,34,4121,1
7,1,14,2464,1
7,4,12,862,1
8,1,48,4162,1
1,5,29,1104,0
14,2,26,3855,0
17,1,19,2946,1
2,5,45,449,0
16,3,14,3064,1
3,4,24,786,0
3,0,45,4737,0
13,0,27,3226,0
8,4,5,4556,1
8,2,6,2855,1
22,1,23,3624,0
17,2,18,3724,1
9,0,12,2832,0
20,5,42,1793,1
3,4,16,2992,0
11,4,30,3911,1
7,2,31,4280,1
1,5,33,784,1
21,2,19,4440,0
12,1,50,3019,0
20,3,5,3856,1
15,5,47,3383,1
1,3,32,4791,1
10,1,7,4126,0
9,3,22,1256,1
14,0,38,3161,0
16,3,36,4545,1
7,1,33,2429,1
17,3,29,1392,1
22,4,30,1984,0
8,2,43,1660,1
7,0,12,1083,0
13,4,23,2167,0
17,4,46,1963,1
21,1,26,2079,0
19,2,33,1836,0
19,2,37,2552,0
20,5,42,2018,1
11,0,49,800,0
18,1,50,4146,1
13,0,39,2173,0
16,5,47,4761,1
23,3,7,3853,0
20,4,23,494,0
2,0,14,2056,0
22,4,31,3148,1
6,1,19,3552,0
16,3,15,622,1
11,1,30,1662,0
8,3,28,3009,1
14,3,17,2949,0
17,4,36,649,1
20,1,41,1568,0
12,1,8,932,0
20,0,17,4582,0
7,1,13,1521,0
13,0,38,385,0
7,2,41,2845,1
13,2,11,3865,0
6,2,5,4564,0
22,5,16,1545,1
11,1,25,1566,0
10,5,15,1876,1
21,1,48,3755,0
21,0,48,1014,0
10,5,48,387,0
21,5,18,4290,1
12,5,38,2188,1
17,3,38,4526,1
1,0,29,1904,0
20,2,8,1278,0
14,0,30,2651,0
19,3,20,4470,1
17,1,14,1688,1
14,0,49,2056,0
18,5,6,1875,1
22,2,39,4962,0
23,2,23,1087,0
11,1,10,1303,0
12,0,23,3430,0
21,3,12,1219,0
10,1,18,296,0
4,0,14,4075,0
0,4,7,625,0
23,2,42,4827,0
2,3,33,1510,0
21,5,19,4603,1
18,3,27,1392,1
22,5,27,1294,0
6,3,22,2048,0
11,2,50,3755,0
14,5,23,4886,1
4,0,32,2317,0
14,5,30,4354,1
7,1,14,3680,1
9,0,8,1117,1
15,1,6,3253,0
7,3,7,3690,1
0,0,11,4307,0
11,3,20,4169,0
4,4,35,147,0
2,3,14,3763,0
0,3,23,4571,0
3,1,32,927,0
7,5,21,4822,1
2,4,32,2189,1
9,3,23,2156,1
1,3,41,918,0
10,4,27,4852,1
9,4,24,4084,1
20,0,17,3780,0
13,1,17,1911,0
6,4,47,4985,1
1,4,15,3214,1
8,2,19,1729,1
15,5,21,1643,1
12,4,32,3679,1
8,1,23,2004,1
19,5,8,1536,0
3,5,26,3417,1
21,3,26,3620,1
9,3,41,3159,1
21,3,43,4216,0
11,3,38,1098,0
16,2,37,1531,1
13,4,48,4652,1
13,3,46,3161,0
1,0,44,364,0
20,3,37,3831,1
19,4,16,2374,1
10,3,6,3975,1
15,2,32,3417,0
18,1,14,2146,1
22,1,26,3244,0
5,4,21,3321,0
23,1,30,3240,0
18,1,7,1353,1
4,0,11,822,0
3,4,48,183,1
14,4,12,4935,1
3,1,24,3470,0
19,1,16,3919,0
9,1,39,3464,1
23,5,21,1857,1
21,2,32,4418,0
2,3,45,2880,1
4,2,14,3387,0
5,4,26,2552,0
20,0,42,428,0
21,3,37,525,0
7,0,26,869,0
6,5,48,4075,1
20,4,41,707,1
9,5,17,1952,1
5,4,31,2772,0
13,0,19,2224,0
3,0,26,1400,0
12,0,34,565,0
19,4,47,2064,1
16,1,44,2045,0
22,0,41,2639,0
6,5,38,2460,1
3,3,48,2139,0
13,4,38,1284,0
2,5,39,4034,1
23,2,46,3317,0
4,2,23,2882,0
15,3,12,877,0
22,1,43,3479,0
19,0,37,2518,0
3,4,48,4177,1
23,5,32,4362,1
23,0,41,2539,0
1,5,29,4931,1
17,4,40,2089,1
18,2,21,1166,1
18,0,28,1044,1
16,3,25,128,1
13,1,6,1997,0
18,3,35,1797,1
21,1,48,2914,0
23,5,37,3465,1
12,0,34,2588,0
11,0,16,1765,0
5,1,48,4719,0
20,2,16,1670,0
3,4,28,1833,0
18,3,28,859,1
15,5,15,2257,1
12,3,17,1451,0
3,3,31,3576,0
22,5,12,1368,1
16,5,14,1885,1
22,0,12,4049,0
0,3,24,2707,0
17,4,12,498,1
19,4,13,2730,1
16,1,11,2546,1
14,5,18,1769,1
10,0,32,338,0
21,4,6,3636,0
12,2,47,3961,0
0,0,12,3203,0
16,0,17,1246,1
5,4,25,1657,0
3,2,32,3838,0
19,1,39,2257,0
15,4,27,3551,1
14,2,50,399,0
14,0,19,3798,0
5,2,6,4153,0
14,0,16,4959,0
13,4,40,348,0
10,5,7,2668,0
6,4,9,4229,1
8,3,7,4423,1
15,3,23,4780,1
4,3,6,2960,0
19,4,48,823,0
9,1,41,669,0
17,4,21,319,1
2,5,18,1494,1
12,2,32,2934,0
10,4,31,2222,1
16,4,14,4331,1
21,0,7,4100,0
12,0,40,4449,0
5,0,42,3189,0
16,4,29,149,1
12,1,26,614,0
18,2,43,2891,1
20,2,34,2878,0
18,5,25,2718,1
9,1,34,1937,1
2,1,32,4771,0
13,2,35,1265,0
18,3,30,2349,1
4,0,47,514,0
4,0,26,2368,0
19,2,25,1204,0
16,1,5,4958,1
20,5,41,4758,1
9,3,17,3456,1
4,2,25,2516,0
3,0,50,2034,0
5,4,13,303,0
3,1,21,168,0
6,4,25,615,0
6,5,35,3663,1
17,2,43,4556,1
2,0,26,1564,0
0,3,16,1752,0
23,4,10,806,0
3,3,20,1725,0
5,5,30,4852,1
8,0,9,3885,1
21,4,13,1445,1
13,5,50,443,0
11,3,44,3886,0
19,3,18,635,0
23,4,48,454,0
3,0,46,3642,0
20,3,34,1082,0
23,2,30,1445,0
11,5,49,3109,1
9,4,33,626,1
21,1,23,1030,0
6,1,12,2856,0
2,0,27,2382,0
22,2,46,2046,0
13,3,39,4027,0
23,1,35,2641,0
9,0,39,2016,1
15,5,36,3460,1
15,2,9,1693,0
21,2,20,3025,0
9,0,21,3725,1
12,0,36,1323,0
5,3,42,2059,0
11,0,36,1065,0
8,3,24,3778,1
12,3,6,4412,1
3,4,24,722,0
23,2,22,4548,0
10,5,5,4887,1
19,2,33,4826,0
17,2,33,2472,1
10,4,23,3048,0
20,3,48,3399,0
3,3,44,1268,0
17,0,10,4849,1
0,4,48,491,0
6,0,43,3909,0
5,4,50,2507,0
14,0,12,4964,0
17,1,28,4992,1
23,2,24,4360,1
10,2,18,4928,0
19,5,9,680,0
23,3,45,920,0
14,5,44,1347,1
15,1,38,223,0
6,5,20,4539,1
20,2,49,1974,0
9,3,11,623,1
11,1,20,3223,0
23,2,11,4324,0
13,0,31,3298,0
4,4,18,2885,0
20,1,18,2218,0
17,3,48,1310,1
4,5,37,1126,1
2,5,37,4217,1
22,1,48,4361,0
4,3,24,597,0
23,1,40,4629,0
16,3,11,2905,1
18,5,36,1793,1
18,2,7,4858,1
20,0,43,824,0
11,2,33,475,0
8,0,28,4498,1
0,5,26,2552,1
17,2,10,3959,1
20,2,28,1786,0
3,1,44,4903,0
9,4,27,356,1
6,5,42,4594,1
21,3,14,3700,0
22,5,20,150,0
0,3,15,694,0
16,3,36,4831,1
23,0,49,3973,0
1,3,10,3536,0
10,3,28,1172,0
8,1,37,1576,1
6,2,16,4970,0
21,5,31,3120,1
16,5,42,1764,1
16,3,22,4592,1
1,4,49,2830,0
5,5,43,1495,0
13,3,17,3997,0
5,0,44,4724,0
1,0,34,4880,0
0,0,45,4145,0
9,3,17,2760,1
20,1,38,2333,0
4,4,40,3422,0
1,3,34,4297,1
21,1,29,4318,0
15,1,6,2201,0
1,5,40,1406,0
9,3,22,1737,1
1,3,9,1240,0
15,1,23,715,0
15,1,46,4752,0
18,1,22,4309,1
6,5,36,1666,1
21,3,25,1076,0
11,1,14,4896,0
23,0,41,1416,0
14,3,26,2439,1
7,5,17,4456,1
5,0,21,2196,0
9,2,13,478,1
2,3,28,3565,0
18,2,48,2371,1
16,1,18,1146,1
6,5,50,1107,1
20,1,12,209,0
19,5,41,2871,1
3,4,23,3983,0
13,1,32,2700,0
19,2,50,3343,0
21,5,45,1105,0
14,1,34,4893,0
23,3,11,405,0
7,5,30,1058,1
20,5,44,1053,0
14,1,50,2768,0
21,4,50,3638,0
19,1,15,2777,0
13,2,18,1730,0
8,2,25,1891,1
7,5,12,2703,1
16,5,7,2071,1
1,1,32,166,0
23,2,33,934,0
2,2,27,305,0
7,4,22,2933,1
11,3,39,4350,0
0,4,17,1814,0
9,0,16,1632,0
19,4,9,3245,1
2,1,43,3220,0
5,3,15,807,0
6,1,15,278,0
19,0,46,212,0
22,3,35,856,0
17,5,35,996,1
10,2,17,2968,0
18,4,18,258,1
4,1,49,885,0
18,0,46,1903,1
10,2,29,1939,0
23,4,37,3268,1
11,2,37,2398,0
9,4,19,4178,1
7,5,20,1642,1
23,3,48,4308,0
8,2,42,4454,1
3,2,10,2254,0
4,2,48,674,0
20,3,29,3138,1
7,0,19,1481,1
22,4,8,1322,1
8,5,8,2574,1
14,2,34,1601,0
14,3,38,958,0
15,0,31,3674,0
13,4,35,3829,1
7,3,36,3065,1
17,5,48,3291,1
9,5,43,1696,1
19,4,13,1661,0
5,2,45,2622,0
11,5,12,2699,1
1,0,18,2491,0
6,3,37,2775,1
15,0,27,2283,0
2,2,25,376,0
12,0,16,3982,0
2,0,6,3704,0
17,1,17,2178,1
10,0,8,4442,0
7,4,24,4606,1
5,3,18,4177,0
0,1,34,4268,0
0,3,33,1220,0
22,3,12,4868,1
7,2,16,2623,1
4,2,45,3470,0
15,1,42,4482,0
10,5,30,2008,0
4,2,6,3620,0
3,2,44,4407,0
5,2,18,4596,0
13,3,10,4850,1
21,1,46,3205,0
18,3,44,597,1
8,4,35,3687,1
11,3,21,4293,1
10,4,29,2513,0
13,0,36,3900,0
22,0,16,562,0
15,4,17,2860,1
0,4,23,3557,0
12,3,48,372,0
22,4,29,1250,0
20,1,35,3489,0
20,0,41,118,0
12,0,29,1716,0
1,5,20,3278,0
3,4,42,4181,1
5,2,47,511,0
22,2,27,841,0
4,4,18,2771,1
2,1,10,2879,0
0,2,29,2724,0
3,5,27,614,1
19,4,47,306,0
1,1,16,1047,0
4,1,17,2541,0
2,3,40,1928,0
8,1,43,3698,1
19,2,38,2267,0
5,2,10,1756,0
17,4,42,701,1
5,4,44,811,1
18,1,12,1303,1
11,5,12,1491,0
10,0,44,2796,0
1,3,37,3372,0
14,0,38,3231,0
11,1,48,3830,0
11,1,19,2766,0
8,0,40,649,0
20,3,39,4841,0
23,0,50,4082,0
1,4,26,1344,0
21,2,27,3986,0
2,5,44,4112,1
11,4,49,2649,1
15,2,26,3304,0
20,5,9,945,1
23,5,35,4645,1
0,5,17,143,0
20,1,32,758,0
2,5,24,4923,1
19,3,37,4030,0
1,0,20,2967,0
8,3,33,3747,1
18,0,27,2882,1
14,4,28,1791,1
17,4,38,2325,1
10,0,11,3166,0
22,3,42,2047,0
15,0,41,1465,0
21,5,8,3230,1
16,1,38,4633,1
4,4,46,4621,1
11,1,26,1067,0
10,5,9,1504,0
14,5,46,585,1
2,4,27,1855,0
0,4,19,3730,1
19,5,35,3068,0
15,2,13,1679,0
1,1,47,2895,0
1,1,29,150,0
2,2,29,1759,0
7,3,25,4400,1
23,1,13,2887,0
14,0,42,4728,0
6,5,26,2255,1
5,5,47,4446,1
8,2,27,4330,1
19,1,8,3261,0
0,3,33,1714,0
7,1,19,2836,1
22,5,5,506,0
22,4,34,3479,0
2,0,33,4297,0
3,2,24,1484,0
14,4,37,3795,0
5,3,45,4599,1
14,4,48,3002,0
20,4,40,1729,1
2,3,26,3362,0
20,4,17,1126,1
20,2,11,3089,0
13,5,12,2324,1
19,1,32,3020,0
13,4,49,4415,1
3,2,47,4368,0
11,1,13,2883,0
16,1,29,1513,1
6,4,20,4697,1
8,2,14,3748,1
2,5,15,2908,1
12,4,35,3431,0
14,3,16,2278,0
17,1,35,897,1
18,4,18,2946,1
0,1,48,1029,0
5,2,36,4918,0
22,0,21,3191,0
1,4,39,2362,0
23,5,5,1433,1
13,4,33,1374,0
5,1,8,4683,0
13,2,27,3580,0
3,3,32,3442,0
20,5,20,1317,0
7,2,16,1564,1
2,4,25,4508,1
18,3,49,4274,1
13,2,21,4870,1
19,0,44,113,0
16,5,17,2393,1
7,1,36,2145,1
23,2,41,1137,0
13,2,19,4228,1
5,0,16,1559,0
22,4,19,356,0
21,5,38,4229,1
15,5,10,4173,1
18,1,21,1383,1
13,2,24,3587,0
18,3,13,2284,1
2,2,9,458,0
9,1,27,3891,1
18,2,37,4949,1
8,0,42,3287,1
19,2,18,4599,0
12,2,21,1325,0
6,3,23,2397,0
13,0,37,377,0
8,0,5,4307,1
22,2,17,2086,0
18,5,50,3644,1
14,3,31,2893,0
19,2,10,491,0
13,2,10,1068,0
23,1,37,2290,0
5,1,34,2328,0
20,5,50,2726,1
3,3,39,2945,0
7,4,27,4464,1
16,1,14,3407,1
8,4,23,2700,1
0,0,32,2780,0
23,1,27,4470,0
19,1,8,4938,0
13,3,24,185,0
10,5,23,3234,1
20,4,46,4599,0
2,1,31,2339,0
8,1,38,3464,1
13,3,8,2145,0
8,3,42,1154,1
3,5,11,3501,1
3,4,11,3829,0
7,0,30,2769,1
1,5,30,375,1
8,0,23,4846,1
13,2,13,4190,0
21,1,24,1205,0
8,4,46,4781,1
23,5,49,3032,1
22,1,20,228,0
15,4,21,4451,0
16,4,26,4426,1
15,4,17,3668,1
11,1,16,2502,0
2,5,14,1747,0
10,3,5,3656,1
13,1,36,3991,0
17,4,34,2293,1
20,5,12,2147,0
20,2,25,3204,0
4,0,26,4455,0
15,4,22,2234,0
19,2,6,942,0
4,3,48,2071,0
2,4,13,4460,0
11,2,7,4003,0
0,4,30,3713,1
20,1,25,491,0
8,5,34,2379,1
8,2,32,1000,1
3,5,40,4783,1
2,1,30,2594,0
16,1,38,1252,1
1,5,12,1394,0
23,2,14,565,0
0,5,47,2275,0
7,5,18,3345,1
12,0,44,587,0
22,2,19,3038,0
14,0,21,2726,0
7,4,22,1049,1
11,5,36,4601,1
21,4,42,1149,0
11,2,27,4175,1
13,5,50,4559,1
14,4,27,1490,1
14,3,39,1183,0
8,1,43,4746,1
18,5,19,1758,1
19,1,28,4487,0
21,0,32,1917,0
7,4,20,290,1
20,0,20,560,0
18,5,44,2621,1
5,1,43,3576,0
19,1,10,2805,0
18,4,6,4466,1
3,5,17,1257,0
22,3,48,4366,0
6,3,13,127,0
3,4,38,4331,1
21,5,21,3072,1
11,4,31,3124,1
12,5,33,1364,1
2,0,41,955,0
21,4,47,4125,1
11,5,26,1351,1
1,3,28,4704,0
23,5,11,3970,1
1,5,38,1426,1
22,4,16,1125,1
8,0,27,461,0
0,0,19,1318,0
7,0,37,705,1
22,0,17,1770,0
5,2,27,4911,0
5,4,42,2397,1
21,1,36,2294,0
17,4,49,4543,1
16,2,39,1377,1
11,0,5,498,0
5,2,49,2272,0
7,3,9,2910,1
18,3,17,2752,1
9,4,9,3039,1
0,4,36,921,0
12,1,25,1044,0
16,1,28,3578,1
2,3,22,2879,0
7,0,25,4529,1
13,2,14,4550,0
2,1,28,1296,0
15,5,44,1312,0
12,1,25,923,0
19,0,29,1996,0
23,0,27,4363,0
16,4,26,2515,1
12,2,8,635,0
5,0,38,3110,0
16,1,10,2727,1
13,1,32,3877,0
16,3,35,1049,1
7,0,39,3608,1
10,5,43,4402,1
19,4,46,643,0
0,2,27,4000,0
6,5,10,3853,1
20,4,20,4324,1
20,1,6,2182,0
16,5,28,2966,1
9,4,21,2346,1
10,1,49,1936,0
21,1,5,176,0
8,1,10,468,1
8,1,9,4721,1
23,1,49,448,0
4,3,33,4701,0
16,5,16,4838,1
8,4,43,4433,1
16,3,7,1555,1
23,3,5,2285,1
20,0,31,3911,0
18,0,28,3372,1
6,0,48,3782,0
22,2,23,1946,0
8,0,12,1954,1
6,4,48,3085,1
12,3,6,4550,0
10,4,34,2725,0
13,5,34,2994,1
18,0,43,658,0
10,2,49,2996,0
12,5,36,2017,0
13,2,5,1354,0
12,5,42,1781,0
0,3,17,1914,0
7,4,15,762,1
11,1,14,4216,0
18,4,30,3425,1
11,0,24,1341,0
7,1,21,3243,1
7,2,21,3137,1
20,3,8,261,0
12,3,9,4325,1
11,2,27,2050,0
15,0,50,4420,0
0,2,14,1881,0
12,5,50,4775,1
6,0,32,1577,0
4,1,37,3130,0
7,2,47,4086,1
13,0,30,206,0
22,1,33,2768,0
12,2,31,1264,0
14,3,22,1257,0
22,2,44,2346,0
16,4,14,766,1
14,2,46,2226,0
19,4,9,3041,1
17,1,14,611,1
17,2,25,349,1
1,1,28,988,0
3,1,42,1123,0
0,0,7,4794,0
3,1,44,4948,0
17,1,35,699,0
4,2,45,3122,0
18,2,41,2630,1
14,3,6,2983,0
7,0,6,2164,0
19,1,43,1858,0
16,0,46,3669,1
0,4,48,1342,0
11,1,38,4429,0
18,0,46,2395,1
14,3,24,2025,0
8,3,37,2162,1
6,1,8,3495,0
1,4,49,540,0
8,3,48,2843,1
9,3,15,106,1
1,4,46,1686,0
18,0,9,925,1
10,3,29,3924,0
12,2,41,1368,0
9,5,38,3536,1
13,5,13,3538,1
17,3,10,1410,1
18,0,22,4133,1
21,0,18,1727,0
8,1,23,1136,1
6,2,18,577,0
2,0,44,2778,0
19,4,21,814,0
5,2,39,1776,0
20,5,33,2262,0
1,2,46,608,0
5,4,21,481,0
2,3,47,1280,0
15,4,12,1945,1
7,4,5,4470,1
1,3,49,1818,0
16,3,40,1200,1
8,3,11,1960,1
11,3,50,2191,0
2,3,9,817,0
10,4,28,417,0
0,1,32,4729,0
22,1,47,1876,0
12,0,21,2384,0
14,1,41,1344,0
4,5,24,1433,1
20,1,7,3769,0
16,4,41,1300,1
22,3,30,1894,0
23,3,19,2801,0
5,4,12,1554,0
20,5,17,2033,1
21,1,7,846,0
10,4,5,940,0
17,0,13,2595,1
3,3,35,1188,0
2,2,45,892,0
12,0,30,1367,0
22,5,21,1650,1
8,0,38,2790,1
20,4,13,392,1
5,1,17,4122,0
11,3,9,1504,0
1,5,45,1748,0
2,5,17,2916,0
2,2,5,4010,0
11,0,29,3018,0
14,2,8,1497,0
8,1,40,1793,1
22,1,14,1137,0
7,2,32,3952,1
10,3,10,1662,0
15,1,31,1212,0
21,2,16,1391,0
3,0,7,1261,0
0,2,50,1129,0
23,2,37,4437,0
6,4,14,4357,1
1,1,35,2839,0
23,3,19,1078,0
4,3,11,617,0
6,4,40,882,0
3,5,18,2931,1
4,3,18,4280,0
23,2,7,237,0
0,4,50,853,0
0,0,7,3053,0
14,1,26,4908,0
19,1,23,2555,0
18,1,39,2934,1
9,2,16,679,1
17,0,9,3355,1
2,4,14,3366,0
10,4,45,4749,0
14,1,37,495,0
10,0,17,2037,0
16,0,39,2689,1
16,0,36,3134,1
5,3,15,269,0
4,3,42,2437,0
7,1,28,3339,1
1,0,39,3515,0
15,5,23,3668,1
19,0,10,3316,0
23,4,44,3584,0
11,4,49,4935,1
5,1,48,1941,0
0,5,46,3860,1
3,0,39,4652,0
16,5,8,3126,1
12,1,37,4065,0
17,4,17,1701,1
4,4,40,1246,0
23,3,47,4426,1
23,1,23,2784,0
2,1,47,211,0
10,0,16,692,0
12,0,15,2539,0
3,3,10,1338,0
13,2,16,2894,0
21,5,31,2514,1
10,2,45,2229,0
9,2,29,2953,1
18,1,46,2969,1
17,5,7,3698,1
5,1,7,3903,0
14,5,24,1626,1
20,4,32,2069,1
9,1,27,1051,1
4,1,7,1602,0
4,1,46,4567,0
9,3,28,3436,1
4,1,47,209,0
2,0,44,4086,0
22,0,10,2454,0
5,5,24,325,1
3,4,15,3111,0
17,3,36,4226,1
8,5,31,713,1
16,0,25,198,0
12,3,48,910,0
14,3,17,3437,0
19,4,26,2799,1
16,3,39,1119,1
12,1,26,3125,0
15,3,32,3628,0
21,4,25,3986,0
3,5,50,3079,1
4,4,22,3440,1
4,4,35,896,1
8,0,50,2057,0
16,1,41,3166,1
12,0,25,3120,0
1,5,18,2780,0
12,2,29,4541,0
21,5,31,4919,1
20,1,44,3048,0
22,3,27,3831,0
18,4,35,1201,1
2,2,33,1137,0
9,1,34,4331,1
1,0,30,891,0
12,4,24,4274,1
18,5,42,1878,1
16,0,23,4900,1
20,1,31,1081,0
13,1,29,1365,0
11,5,44,843,1
20,2,42,2531,0
11,5,27,474,0
10,3,33,1853,0
6,0,19,3997,0
3,2,7,2636,0
18,4,14,2091,1
0,3,19,3028,1
23,2,20,3546,0
2,0,21,691,0
12,1,23,4728,0
14,4,15,2669,1
1,5,9,2972,1
10,0,9,1276,0
3,3,18,1435,0
18,3,30,4793,1
16,1,12,212,0
2,1,9,3872,0
17,4,11,1945,1
7,5,20,2087,1
21,4,18,4929,1
23,1,41,2085,0
18,1,45,3392,1
4,3,8,3342,0
6,1,40,352,0
20,2,21,223,0
7,0,40,1336,1
4,1,10,723,0
16,4,20,3256,1
4,5,33,3236,1
3,5,40,3489,1
21,5,42,3517,1
18,2,41,1755,1
20,4,14,1366,1
1,2,45,3045,0
10,1,40,1260,0
21,0,33,2394,0
12,5,18,540,0
14,4,8,2192,0
11,5,48,2805,0
21,2,46,3859,0
20,3,40,653,0
21,1,49,1212,0
10,0,17,2877,0
6,1,50,1933,0
4,3,22,1414,0
16,0,37,3593,1
23,3,25,3238,0
19,1,20,3212,0
8,2,19,198,1
13,1,9,4025,0
11,1,10,1579,0
5,1,42,4496,0
16,4,7,1322,1
18,3,16,4683,1
18,3,40,1104,1
15,5,37,576,1
11,3,40,1235,0
11,5,37,2956,1
19,4,35,1805,0
5,2,25,617,0
22,5,31,1320,0
3,1,31,2606,0
5,2,12,4425,1
10,4,41,1291,0
0,3,36,3980,1
23,5,30,3343,1
22,1,6,2077,0
14,0,16,2342,0
10,0,26,3190,0
18,2,21,1987,1
17,3,11,4659,1
16,0,47,1073,1
18,2,8,165,1
20,4,41,3006,0
13,2,42,670,0
17,2,36,3992,1
18,2,15,407,1
14,1,5,3508,0
14,2,29,3842,0
3,5,46,882,0
6,2,28,4316,0
12,1,47,865,0
2,1,21,3575,0
15,4,12,872,0
8,3,49,3957,1
7,0,31,3285,1
19,0,22,639,0
12,2,31,2149,0
16,4,26,3383,1
16,2,20,4775,1
16,0,6,1763,1
0,1,9,1147,0
7,3,22,3936,1
18,4,7,3539,1
5,1,31,605,0
2,3,21,3347,0
4,4,20,3600,1
12,4,10,2010,1
14,0,11,832,0
13,1,18,3613,0
22,4,42,1671,0
15,5,44,4709,1
17,4,19,3042,1
21,3,37,4556,0
21,0,47,2421,0
10,2,31,3435,0
2,0,33,4722,0
21,2,41,4474,0
9,1,9,2853,1
9,1,33,1472,1
20,4,36,1544,1
15,5,10,3476,1
11,1,6,389,0
1,4,10,2165,1
8,0,50,163,0
23,1,47,4045,0
2,0,8,429,0
23,0,33,4958,0
14,5,29,2063,0
2,1,13,3188,0
18,0,7,2590,0
17,5,30,240,1
7,5,47,4639,1
16,1,31,2573,1
7,5,40,4003,1
6,1,36,549,0
6,1,5,1925,0
2,2,20,4546,0
0,0,15,4794,0
3,3,30,4906,1
4,1,44,969,0
0,0,5,3664,0
14,5,30,3759,1
4,4,32,3702,1
12,1,13,492,0
7,5,48,941,1
7,5,26,2548,1
4,5,12,2891,1
8,5,46,3053,1
0,5,31,1458,0
3,1,43,1090,0
2,3,23,1138,0
1,2,29,127,0
7,5,42,487,1
22,5,25,932,1
8,2,28,349,1
1,1,28,2127,0
13,0,23,1628,0
13,4,6,4293,1
3,4,18,1938,1
5,0,36,1460,0
10,1,46,3209,0
2,4,36,1423,0
7,2,32,2326,1
2,0,43,3780,0
13,3,44,991,0
12,1,46,1405,0
12,0,44,4648,0
1,4,17,4292,1
12,1,16,361,0
18,2,12,2440,1
5,1,19,1893,0
15,1,30,2396,0
1,2,16,2392,0
7,5,47,2270,1
16,2,50,424,1
22,1,31,1085,0
1,2,22,4882,0
9,5,49,3952,1
15,0,40,1839,0
5,2,31,1960,0
1,2,13,3237,0
1,1,43,3998,0
12,0,5,935,0
23,3,11,4254,0
14,3,30,2878,0
1,4,11,1496,0
6,2,11,1776,0
2,2,12,4431,0
7,0,20,4413,1
22,5,7,1937,1
13,3,49,3821,0
23,4,14,3772,1
22,0,11,3122,0
21,2,25,4784,0
6,3,41,1771,0
20,4,35,1016,0
6,1,27,1017,0
0,3,31,1233,0
16,4,26,1936,1
8,0,43,2238,0
20,1,31,4107,0
12,4,8,2005,0
20,4,28,4089,1
18,2,27,3585,1
20,5,23,4897,1
18,3,46,2220,1
21,2,7,2832,0
16,1,31,2869,1
22,5,7,1421,1
22,4,32,3816,1
9,2,21,3454,1
9,5,35,1628,1
3,3,14,4843,0
7,1,26,859,1
21,0,34,3512,0
19,2,25,1457,0
19,1,40,2290,0
17,0,27,3581,1
13,2,42,1048,0
17,1,16,2179,1
13,1,29,1866,0
19,5,24,127,0
20,2,46,2570,0
23,1,11,2638,0
14,4,33,259,1
21,2,33,2992,0
3,1,17,4213,0
12,5,7,3822,1
22,0,6,3831,0
7,0,20,2571,1
17,4,34,4950,1
11,2,42,1670,0
22,5,10,936,1
13,1,49,4038,0
1,1,11,2386,0
17,0,9,3505,1
23,5,11,2770,1
1,4,38,4212,1
10,0,36,4847,0
8,0,17,4455,1
11,4,34,1727,0
16,2,29,1966,1
14,1,25,304,0
16,2,25,3679,1
17,5,32,3274,1
21,3,24,891,0
5,3,38,4192,0
16,3,9,3847,1
22,4,22,1205,0
23,0,43,1190,0
17,2,47,1707,1
7,1,15,1939,1
8,3,21,3497,1
5,2,49,166,0
4,3,26,4879,0
11,3,41,1378,0
10,1,24,4258,0
0,5,50,913,0
10,5,10,502,1
18,5,38,2102,1
8,4,18,4266,1
1,0,27,3025,0
11,4,24,3093,1
3,2,17,1186,0
3,4,48,4440,0
17,2,45,2666,1
14,2,36,4588,0
18,0,30,871,0
12,1,18,3772,0
18,0,40,3348,1
16,5,12,1769,1
5,5,44,1656,0
15,4,26,3058,0
23,2,26,1251,0
11,3,20,1317,0
18,3,31,2331,1
4,2,14,4442,0
16,0,29,4044,1
22,1,35,2142,0
0,0,25,805,0
23,2,31,2769,0
22,2,21,2213,0
9,1,37,3077,1
14,4,35,4449,1
22,4,46,4478,1
20,1,30,522,0
20,4,25,2121,1
10,3,40,3893,1
12,4,5,4231,1
4,4,8,630,1
0,4,8,190,0
23,3,30,3472,1
11,4,8,2042,1
10,5,13,3905,1
16,3,34,1340,1
3,1,49,1858,0
14,0,8,197,0
8,1,9,1579,1
20,0,49,4726,0
19,1,27,1932,0
18,5,20,2685,1
18,0,26,3747,1
11,0,41,179,0
4,2,12,4809,0
9,0,37,2323,0
16,0,42,2669,1
4,2,47,1872,0
21,4,20,4618,0
15,4,9,1223,0
6,2,20,3911,0
8,3,11,3574,1
2,0,5,2723,0
14,0,13,1503,0
15,2,22,2678,0
17,2,49,431,1
13,3,7,4848,1
2,5,28,3708,1
11,4,32,839,1
8,1,14,4706,1
6,5,13,141,1
8,4,17,3978,1
12,0,39,2049,0
17,5,27,3560,1
4,2,21,2228,0
12,3,50,4597,0
3,4,11,2254,0
1,3,20,1337,0
15,4,44,1866,0
8,5,40,1941,1
8,0,24,605,1
5,1,28,1941,0
10,3,9,4915,0
21,3,49,1494,0
23,1,10,356,0
21,3,32,1820,0
0,3,9,1171,0
3,4,43,1722,0
12,4,42,2166,0
22,1,6,1169,0
12,0,47,550,0
12,5,43,997,0
1,5,25,4936,1
8,3,44,3828,1
23,0,41,181,0
7,1,22,836,1
6,1,50,4274,0
3,4,16,4044,1
17,3,21,2307,1
2,2,41,4048,0
5,1,50,2102,0
11,3,42,1791,0
11,0,19,1279,0
20,4,11,3035,0
7,5,18,2615,1
21,0,5,561,0
21,1,42,3001,0
0,1,7,216,0
3,0,41,1754,0
20,1,48,4661,0
10,3,35,1898,0
2,1,47,759,0
12,4,17,3337,1
16,3,22,2222,1
21,2,21,3919,1
21,1,21,3443,0
9,1,15,2650,1
20,4,24,4990,1
11,4,14,1686,0
14,5,33,4782,1
20,0,38,2847,0
9,0,21,734,1
13,0,46,2982,0
12,4,17,2911,0
4,0,48,4553,0
5,0,43,4115,0
23,2,31,2839,0
1,0,30,1984,0
21,1,32,1618,0
16,5,17,721,1
3,4,16,4677,0
13,3,48,1637,0
9,5,32,2437,1
2,2,6,2094,0
2,4,41,2170,1
14,4,38,2465,0
5,1,27,2945,0
16,5,49,3138,1
11,5,33,954,0
21,0,39,2828,0
19,1,15,1015,0
23,0,37,231,0
10,0,15,1216,0
3,4,13,3693,0
5,5,18,960,0
0,0,13,393,0
19,2,43,2788,0
22,2,7,1099,0
15,5,33,2396,0
14,2,23,3785,0
16,4,40,386,1
7,1,36,549,0
11,3,11,2438,0
21,0,32,3340,0
20,3,48,2803,0
9,1,22,3216,1
14,1,9,4671,0
8,4,27,352,1
1,2,26,1519,0
4,2,30,2436,0
5,1,46,1335,0
6,4,16,1099,0
20,4,44,3860,0
0,5,23,4216,1
22,0,5,4511,0
6,2,7,2711,0
19,1,31,1546,0
11,5,22,2270,1
15,3,34,3021,0
15,2,6,3783,0
10,0,9,2361,0
20,4,33,2045,0
3,1,37,1953,0
12,2,46,699,0
6,3,24,4987,1
3,0,34,4235,0
14,0,46,3503,0
18,5,9,3090,1
8,2,25,4843,1
10,3,19,4377,0
7,0,24,4460,1
0,1,12,2918,0
22,0,35,962,0
23,3,16,4627,1
7,4,25,4155,1
12,4,34,1319,1
21,5,31,3895,1
3,2,48,4704,0
7,3,30,4642,1
2,5,37,627,0
8,0,30,3022,1
1,0,30,3304,0
1,4,40,1262,0
12,5,44,4864,1
14,4,5,3664,0
22,1,19,946,0
11,4,5,2217,0
3,1,15,3186,0
7,0,6,1870,0
8,5,5,3383,1
22,1,35,1925,0
4,5,48,3423,1
23,5,20,545,0
19,1,26,1125,0
17,2,46,1871,1
10,4,22,1459,0
14,1,21,118,0
21,0,34,660,0
8,5,14,571,1
16,3,39,127,1
11,1,25,659,0
6,4,20,2755,1
9,5,10,3336,1
9,2,7,4653,1
12,0,45,1044,0
18,2,47,4048,1
10,3,25,3756,0
12,1,17,3163,0
20,5,22,2079,1
7,1,28,2816,1
7,4,31,915,1
3,1,8,2426,0
14,0,26,2430,0
10,3,28,1102,0
10,2,44,1642,0
0,3,49,4304,0
16,5,14,1329,1
14,1,6,3405,0
19,5,44,2629,1
5,2,10,1530,0
23,5,22,4012,1
21,4,21,1632,0
14,3,42,1992,0
8,2,49,3224,1
13,2,27,1521,0
17,2,50,490,1
16,0,34,2918,1
17,3,25,1969,1
4,5,14,3060,1
19,2,47,1295,0
19,3,17,2705,0
8,2,16,957,1
10,4,13,3327,0
23,4,8,1616,1
21,4,43,1253,0
0,1,28,942,0
17,2,38,1782,1
5,1,43,394,0
1,3,45,744,0
14,1,9,3733,0
20,3,19,2235,1
13,3,8,210,0
4,3,43,683,0
5,5,12,3325,1
5,1,49,1586,0
21,5,28,4964,1
17,2,32,1748,1
13,1,47,2481,0
9,2,31,205,1
13,2,5,3653,0
12,3,38,1794,0
2,1,21,1833,0
5,2,41,481,0
7,4,42,2836,1
11,2,30,4456,0
12,4,28,1416,0
10,1,43,2802,0
11,5,25,4174,1
0,1,34,4904,0
16,5,17,1006,1
15,5,41,762,1
10,1,7,562,0
12,2,36,3002,0
17,0,39,4780,1
10,2,23,1042,0
11,2,18,257,0
5,3,26,3409,0
8,3,21,1426,1
15,2,8,2817,0
3,4,49,2768,1
2,5,44,2668,0
15,3,23,3492,0
23,2,41,2206,0
11,0,6,4899,0
10,4,19,747,0
4,1,6,3422,0
17,2,15,3038,1
18,2,49,2583,1
22,5,27,4341,1
22,4,14,3006,1
5,3,7,3125,1
21,3,9,1475,0
17,3,7,1923,1
5,1,42,344,0
3,4,17,2448,0
11,4,46,967,0
18,3,23,2961,1
1,3,44,579,0
16,5,39,2562,1
10,0,28,2035,0
10,0,28,3473,0
20,2,21,3121,0
15,2,44,3292,0
1,4,14,187,1
1,4,6,1340,0
22,1,48,672,0
7,1,27,913,0
12,0,10,278,0
9,2,6,1825,1
7,0,25,262,1
3,0,39,2740,0
14,2,33,1105,0
0,1,11,2448,0
10,5,33,2521,1
6,5,41,2855,0
16,5,27,4398,1
19,2,37,4242,0
23,3,12,4658,0
17,3,16,3841,1
21,3,50,4603,1
21,4,14,1317,0
11,1,19,2574,0
8,1,28,1029,0
4,4,30,416,1
9,0,46,1602,1
3,5,43,520,1
4,3,7,4458,0
9,5,6,1549,1
10,3,10,527,0
20,5,25,496,0
23,0,13,895,0
9,5,14,206,1
7,5,40,4149,1
1,2,7,197,0
22,5,45,2003,1
7,2,28,3670,1
15,1,26,3401,0
21,4,18,142,0
4,5,46,1677,0
2,1,49,4290,0
11,2,48,4383,0
12,5,31,484,0
12,5,37,3571,1
9,0,26,3677,0
3,1,33,3338,0
8,3,23,1796,1
21,3,23,2234,0
23,0,10,3992,0
22,2,49,2636,0
1,3,23,4421,1
18,3,17,2492,1
0,4,30,4713,1
6,1,26,3915,0
16,2,25,395,1
2,5,40,513,1
19,1,6,2095,0
19,2,48,103,0
20,3,34,277,0
2,4,31,845,0
2,1,11,4454,0
16,3,24,751,1
6,2,35,3989,0
13,1,27,3371,0
16,5,17,2582,1
17,1,21,389,1
12,3,8,902,0
19,1,18,2630,0
19,5,24,333,0
20,4,17,507,0
17,4,7,793,1
3,3,30,1269,0
0,2,30,4757,1
17,3,22,2577,1
0,4,36,531,0
12,0,18,2644,0
19,0,7,1082,0
19,1,5,3260,0
22,5,30,3144,1
9,1,28,4024,1
10,0,39,3412,0
8,4,18,4973,1
8,1,7,4418,1
4,3,17,1788,0
0,5,18,567,0
16,3,25,2716,1
21,5,30,1445,1
1,4,7,2522,1
23,1,44,4607,0
12,5,8,4821,1
8,3,40,1111,1
3,1,47,1777,0
4,1,5,3797,0
10,3,44,4997,0
23,0,37,4166,0
18,5,11,1992,1
20,3,15,2969,0
2,4,31,4450,1
11,2,18,1586,0
18,3,26,3439,1
18,1,20,1516,0
12,1,50,4957,0
6,3,16,2946,0
14,2,50,1457,0
22,3,14,4160,1
6,2,28,4760,0
7,2,50,1491,1
4,4,22,1678,0
20,5,26,3849,1
13,1,13,3725,0
3,1,21,2603,0
22,2,42,3237,0
9,1,44,3009,1
19,0,17,2764,0
14,2,41,499,0
17,1,10,4482,1
19,0,25,4057,0
12,4,40,2333,1
7,1,11,1639,1
8,0,40,336,1
15,3,29,1027,0
18,5,15,4609,1
15,3,48,519,0
6,0,18,4224,0
13,2,49,2495,0
13,2,33,760,0
3,1,14,2723,0
14,3,9,4050,1
2,2,12,549,0
4,2,50,479,0
0,3,9,1350,0
2,4,28,2559,1
14,2,44,3098,0
23,5,30,4551,1
7,0,10,2401,1
3,1,20,826,0
1,2,40,1567,0
23,5,16,2828,1
23,5,15,3252,1
9,2,7,3620,1
3,4,48,3454,0
2,0,41,515,0
1,1,10,699,0
16,2,23,3174,1
22,1,22,4274,0
20,3,20,1667,0
23,5,27,1194,0
19,5,47,3043,1
22,2,41,4253,0
12,2,13,1547,0
4,3,7,1592,0
20,4,12,2771,0
8,2,42,1558,1
21,5,8,1308,0
5,1,16,2312,0
4,0,48,1454,0
9,1,35,312,0
7,4,29,3994,1
6,0,20,4702,0
6,1,46,3063,0
5,1,18,2948,0
20,3,17,3142,1
19,4,45,3134,1
2,5,11,1832,0
18,3,16,3181,1
21,0,41,1370,0
14,5,8,4968,1
3,3,6,1629,0
11,4,39,1181,0
5,2,48,3631,0
18,2,7,1251,1
3,0,8,1822,0
14,2,42,816,0
8,3,16,4299,1
4,0,23,2290,0
12,5,14,304,1
22,4,5,3929,1
17,0,21,3209,0
4,5,20,4194,0
15,0,13,1432,0
18,1,13,2148,1
13,1,13,1949,0
15,0,16,4942,0
14,2,45,1337,0
21,1,19,2118,0
3,4,6,617,0
6,5,15,1538,1
15,3,15,4186,1
23,1,12,2152,0
21,0,36,4468,0
20,2,10,4617,0
21,3,24,2412,0
20,5,43,2359,1
7,5,39,3249,1
16,1,12,881,1
15,5,47,2813,1
22,5,38,1344,1
9,2,23,2516,1
9,2,11,1075,1
1,2,35,3591,0
8,0,22,3525,1
16,5,44,516,1
10,5,18,314,1
9,5,43,4078,1
21,4,40,1235,0
16,2,21,3875,1
3,3,41,1682,0
15,1,48,4623,0
19,3,13,832,0
14,0,24,2846,0
20,0,49,2363,0
4,5,32,4608,1
5,3,24,3904,0
16,5,45,2527,1
0,4,40,331,0
18,0,31,4453,1
3,0,12,502,0
16,3,36,4965,1
8,0,5,164,0
23,4,21,2337,1
1,4,13,1049,0
7,4,24,272,1
14,1,49,2775,0
6,4,36,1350,1
5,4,6,3148,1
0,1,36,4105,0
14,5,49,737,1
22,2,13,1048,0
6,0,34,2360,0
16,4,24,1794,1
1,0,42,4947,0
8,3,5,4857,1
8,0,9,242,0
12,5,39,4681,1
5,1,40,1560,0
5,0,5,3987,0
19,0,18,392,0
19,0,13,1743,0
20,2,34,2818,0
2,2,28,937,0
16,3,8,1137,1
16,1,18,371,1
11,0,29,2058,0
15,0,8,2469,0
14,0,29,905,0
12,0,14,3274,0
22,2,39,982,0
0,5,11,931,0
16,5,46,3271,1
2,3,17,2291,0
14,4,8,2140,0
3,1,47,1694,0
3,5,40,1726,0
17,0,18,3684,1
16,5,22,373,1
18,3,12,689,1
10,4,36,2800,0
19,5,31,682,1
2,3,46,3733,0
7,2,41,2090,1
13,4,27,1358,0
0,3,11,2966,0
13,5,16,3838,1
1,2,29,671,0
22,3,7,644,0
3,3,30,4322,0
23,5,8,4928,1
18,4,46,4612,1
5,2,40,737,0
0,0,19,140,0
16,1,36,4982,1
7,4,33,4492,1
18,2,14,1720,1
20,3,25,3772,1
0,2,20,4237,0
4,1,23,4228,0
15,5,33,1399,0
5,1,22,4811,0
7,0,48,259,0
12,0,20,2052,0
15,1,5,1831,0
2,4,6,2546,1
18,4,19,3262,1
11,3,43,1832,0
15,0,32,680,0
10,3,5,319,0
9,0,9,4574,1
19,1,46,1849,0
3,4,26,1570,0
11,4,40,4428,1
22,1,50,1494,0
1,3,17,1021,0
23,3,5,2873,0
21,2,20,4562,0
18,0,45,4676,1
4,3,26,3534,0
7,1,36,3682,1
6,3,20,1218,0
13,4,19,1965,1
23,0,50,4411,0
22,5,46,824,0
2,2,16,811,0
17,0,5,1925,1
15,4,21,4026,1
22,4,45,490,0
18,4,32,1170,1
18,4,11,4587,1
17,1,13,2865,1
19,2,26,4580,1
15,5,30,2528,1
7,4,16,4594,1
0,4,11,2247,0
16,3,50,3672,1
11,2,19,4578,0
20,0,42,2854,0
10,2,25,3363,0
4,2,18,3925,0
11,5,6,3516,0
16,2,12,2157,1
5,5,49,2411,0
0,4,10,2979,0
4,4,41,3742,0
13,1,41,2709,0
4,5,37,1530,1
21,5,45,2013,0
23,0,10,857,0
0,3,30,2234,0
17,2,43,2012,1
15,0,45,1839,0
8,5,41,3317,1
18,0,18,4856,1
21,1,41,1234,0
4,3,12,3812,1
1,5,43,864,1
14,5,17,2825,0
6,2,17,3468,0
3,3,44,3597,0
0,1,47,1772,0
12,4,32,3505,0
19,0,22,682,0
21,2,23,4866,0
6,5,42,4733,1
14,4,36,1921,0
22,1,26,1285,0
13,3,6,4625,0
22,0,17,1737,0
18,2,27,2280,1
21,5,29,288,0
23,5,32,1846,1
19,4,15,3926,1
23,4,37,2720,0
17,0,28,4045,1
9,3,6,2426,1
8,1,34,1284,1
7,3,21,2893,1
9,3,44,3046,1
16,3,38,2600,1
1,0,42,269,0
5,0,26,2845,0
4,1,9,1180,0
8,3,44,1363,1
4,0,20,4964,0
17,1,17,4553,1
19,5,30,2348,0
8,1,35,4008,1
16,3,43,1425,1
16,2,27,3277,1
11,3,16,3973,0
6,2,18,2248,0
2,1,22,1788,0
9,5,31,3085,1
1,5,32,2176,1
2,0,22,1629,0
15,5,20,1561,1
1,4,20,1502,0
23,1,17,172,0
9,0,33,4449,1
5,5,13,4134,1
21,1,30,4711,0
10,3,32,2896,0
22,5,45,4616,1
6,2,17,2593,0
14,1,40,4331,0
5,0,13,3676,0
19,3,18,132,0
8,4,16,2794,1
21,3,36,4473,0
19,5,42,4945,1
11,2,7,3698,0
18,3,20,2492,1
19,4,24,4212,1
2,0,36,2971,0
14,1,27,2777,0
1,2,21,1501,0
20,4,20,917,0
1,5,42,1760,1
21,5,12,4662,1
2,5,23,4823,1
5,2,34,2538,0
14,3,38,3083,0
9,2,18,1310,1
8,5,26,699,1
0,4,48,1946,1
15,1,21,1955,0
5,1,19,1987,0
8,2,36,779,1
3,5,17,3352,1
1,0,25,1935,0
3,2,44,4130,0
0,5,37,2277,0
18,3,31,248,1
9,1,39,1595,1
20,1,20,1844,0
14,1,32,1746,0
21,0,38,3095,0
18,5,5,1772,1
15,5,45,2039,0
20,5,35,757,1
23,5,40,3767,1
21,0,48,1153,0
3,4,37,4171,0
1,2,37,676,0
12,2,43,3195,0
0,5,22,3131,1
16,3,27,4918,1
12,1,27,4879,0
3,0,19,4937,0
6,3,30,3072,0
16,3,34,4048,1
8,5,29,2145,1
3,0,49,4036,0
18,2,20,3048,1
0,1,43,1727,0
9,2,49,1588,1
3,3,18,4245,1
8,1,21,4298,1
12,4,16,4563,1
13,3,33,1035,0
9,2,36,3663,1
5,2,28,3729,0
15,5,17,1814,1
5,2,24,1902,0
16,0,19,1520,0
9,3,8,3691,1
17,1,38,3620,1
21,2,32,3411,0
17,5,6,2405,1
2,5,34,2095,0
19,2,30,2067,0
20,0,30,3814,0
14,5,24,4135,1
14,1,46,4585,0
3,3,32,4968,1
8,4,24,3558,1
18,0,15,493,0
23,5,14,4878,1
16,3,27,3830,1
10,4,41,4465,1
8,2,45,4344,1
9,2,23,127,1
17,1,49,3591,1
19,4,22,4361,0
12,2,31,1273,0
7,2,10,438,1
6,5,14,1168,0
16,1,6,941,0
20,3,28,4384,0
22,2,42,4846,0
14,0,32,393,0
19,0,32,1957,0
14,3,49,1422,0
0,4,43,1747,0
13,1,6,4998,0
4,5,50,3720,0
10,0,9,4626,0
15,0,15,3194,0
1,3,14,3591,0
7,4,47,3595,1
10,4,6,4682,0
17,3,19,3901,1
2,0,43,188,0
0,1,45,4466,0
10,0,41,2056,0
15,4,11,999,1
17,5,24,3577,1
15,0,38,1844,0
22,1,39,4473,0
9,2,38,2353,1
17,0,26,3761,0
5,3,35,3060,0
18,2,27,1733,1
3,3,23,961,0
12,3,8,4801,1
23,3,28,1113,0
13,0,24,3399,0
2,4,43,1606,0
9,2,32,3305,1
5,1,43,4903,0
0,4,21,1077,0
22,0,23,3561,0
23,3,39,1917,0
13,1,36,3784,0
7,2,50,4158,1
18,4,50,2734,1
13,5,43,4915,1
9,4,39,3766,1
16,1,34,1048,1
8,0,21,573,0
5,2,46,667,0
10,1,33,3532,0
6,3,10,4123,0
16,2,21,2358,1
0,4,21,3244,0
21,1,18,4410,0
4,4,28,2082,0
8,4,41,1196,1
17,4,44,3670,1
23,0,43,3490,0
20,4,36,2772,0
1,3,40,3746,1
10,3,41,2519,0
5,2,18,4379,0
7,5,31,3448,1
3,4,23,773,0
17,4,35,2902,1
10,1,50,2469,0
4,0,13,4630,0
14,5,42,1166,1
17,2,21,787,1
1,5,23,168,0
21,4,48,2203,0
10,1,8,519,0
12,0,15,4098,0
3,2,26,2697,0
21,5,8,4438,1
6,2,21,2224,0
10,4,12,3992,1
21,2,50,539,0
23,1,38,1386,0
3,2,15,1308,0
14,3,35,1178,0
0,1,15,2663,0
22,5,42,3723,1
2,0,25,1353,0
13,0,50,3457,0
5,4,34,3309,1
17,4,14,3649,1
0,3,30,714,0
5,5,31,3178,0
5,0,12,2823,0
20,0,43,3590,0
15,0,12,3643,0
4,0,12,4615,0
16,2,38,2000,1
9,5,20,4471,1
20,1,45,1812,0
17,1,17,2429,1
6,3,27,3719,0
2,2,16,1294,0
12,0,31,1478,0
14,0,26,1412,0
19,4,36,3015,1
18,4,31,849,1
2,3,6,400,0
3,0,49,4795,0
4,3,37,4082,1
0,2,30,4724,0
3,1,32,3937,0
11,0,23,377,0
23,5,47,4858,1
9,2,9,2658,1
22,0,37,4017,0
20,5,24,2261,1
19,4,34,4775,0
23,3,49,1489,0
12,4,12,790,0
22,1,42,4832,0
13,4,21,3568,0
22,0,48,1948,0
4,5,5,3916,1
3,4,7,1039,1
13,0,50,3282,0
9,1,30,3409,1
16,5,35,2150,1
9,4,12,1846,1
6,3,47,2551,0
15,3,50,124,0
0,5,12,2656,1
16,3,39,160,1
20,4,43,222,0
8,4,32,2202,1
5,5,8,1286,1
18,4,20,1830,1
12,0,17,4741,0
2,1,24,4189,0
6,3,9,2572,0
21,0,41,3065,0
8,5,24,2377,1
21,3,28,4187,1
4,0,40,3064,0
9,4,38,1410,1
22,5,49,254,1
16,5,38,2312,1
11,3,23,3353,1
22,4,21,1362,0
15,3,9,1462,0
2,2,29,1037,0
21,0,22,611,0
8,2,12,286,1
14,0,31,1945,0
4,1,19,1802,0
22,5,49,490,0
12,3,17,754,0
13,1,20,4371,0
19,1,26,2921,0
14,5,24,863,0
15,5,17,3500,1
22,0,24,4906,0
12,2,6,3367,0
16,4,39,1185,1
22,0,23,2029,0
7,4,49,4476,1
20,1,41,2063,0
1,4,10,1885,0
4,2,18,2374,0
5,0,8,2786,0
11,5,26,3068,1
17,2,43,4672,1
21,2,40,815,0
21,0,38,342,0
0,5,31,4015,1
16,2,11,1623,1
10,5,7,937,0
9,3,37,3423,1
18,3,6,3053,1
13,3,46,1445,0
9,4,20,2523,1
14,2,29,2128,0
18,0,19,1532,1
3,0,28,339,0
1,4,19,238,1
8,0,35,3293,1
9,3,18,519,1
10,2,18,403,0
13,0,10,2262,0
6,0,18,2126,0
22,1,21,4202,0
14,1,22,2326,0
21,1,24,1268,0
18,2,21,515,1
21,3,20,2813,0
14,5,44,249,0
23,3,43,2544,0
7,3,36,938,1
10,2,48,1796,0
8,2,13,4439,1
14,1,31,2010,0
0,0,50,1521,0
0,4,37,3101,0
18,4,14,1420,1
2,5,21,4135,1
9,0,40,1623,1
7,5,21,3978,1
14,1,22,652,0
9,5,27,3856,1
0,0,38,3771,0
17,0,12,581,0
1,4,17,699,1
18,1,27,1264,0
12,2,24,4778,0
21,5,26,4332,1
0,4,27,1103,0
1,5,45,2082,1
15,5,39,1734,1
14,2,7,3097,0
12,1,38,786,0
15,0,37,3514,0
16,3,50,1859,1
20,5,21,2580,1
6,3,49,1437,0
23,1,23,214,0
16,3,34,4057,1
6,5,27,668,1
12,2,19,1653,0
4,3,18,2789,1
16,1,6,4690,1
2,1,43,3440,0
6,2,22,3088,0
16,3,10,3251,1
6,3,36,3627,1
20,0,25,3115,0
0,4,44,921,0
16,1,32,3674,1
16,0,31,3887,1
10,1,6,1708,0
2,0,37,659,0
14,4,20,4163,1
20,0,43,4535,0
10,1,26,711,0
15,3,47,2263,0
21,1,17,1981,0
8,5,6,4269,1
23,2,18,3963,0
23,2,42,3808,0
0,5,45,1809,1
21,2,32,1861,0
15,2,11,1792,0
8,4,22,1345,1
18,3,45,225,1
11,3,40,4852,0
18,1,45,1299,1
21,5,40,2811,1
8,0,48,3546,0
6,1,8,1090,0
13,1,34,3165,0
18,1,28,1621,1
18,1,24,4828,1
1,3,50,2598,1
8,0,35,2665,1
12,1,28,4890,0
14,3,11,2697,0
2,1,30,215,0
10,2,17,1131,0
20,1,12,1341,0
13,5,9,1842,0
7,5,48,3738,1
17,1,17,4499,1
18,4,33,4190,1
15,2,24,2075,0
1,0,18,4283,0
7,1,36,4503,1
21,0,31,4997,0
5,2,29,263,0
11,1,8,3410,0
14,4,25,3488,1
7,3,22,1095,1
3,4,43,1977,1
14,4,19,1923,0
19,3,42,2395,0
16,3,28,3364,1
12,5,12,1448,0
17,3,32,1903,1
1,1,25,2351,0
12,0,20,3000,0
12,5,20,1693,1
21,5,39,532,1
14,0,21,3917,0
19,5,13,1170,0
9,3,39,4700,1
2,4,33,214,0
18,2,43,1539,1
2,3,22,1890,0
21,4,16,1094,0
13,4,23,4418,1
7,5,26,4831,1
22,1,19,4867,0
3,1,5,1057,0
19,5,6,195,1
10,5,12,2254,1
10,0,26,731,0
10,0,29,3784,0
1,2,6,1801,0
16,2,13,797,1
8,2,13,131,0
1,2,17,4974,0
23,4,10,648,0
14,4,34,2348,0
15,0,19,1993,0
3,1,19,2934,0
7,5,11,1803,1
8,1,15,1256,1
4,3,44,443,0
15,4,42,4172,1
12,2,44,3562,0
6,2,6,2348,0
19,3,43,1044,0
16,1,14,3980,1
2,2,48,2150,0
4,1,21,3385,0
18,5,11,2955,1
11,3,44,1430,0
6,1,43,2103,0
8,5,8,3715,1
5,1,39,1887,0
16,1,40,2346,1
15,2,35,3772,0
22,0,29,2255,0
2,4,45,3579,1
20,1,17,3120,0
3,1,22,151,0
9,1,25,2259,1
4,0,5,4490,0
20,5,40,3751,1
21,3,12,4015,1
9,2,25,2212,1
11,0,47,2721,0
9,5,25,4660,1
12,1,31,4829,0
10,5,23,1454,1
21,0,27,3854,0
15,0,47,309,0
7,0,39,337,0
7,3,44,435,1
7,4,46,3938,1
12,2,9,1676,0
1,3,45,599,0
11,3,12,1664,0
9,4,15,890,1
11,3,20,3640,0
10,0,43,3222,0
14,0,28,1235,0
15,5,25,4044,1
16,1,27,2448,1
